Unnamed: 0,Close,High,Low,Open,Volume,RSI,MACD,MA_20,Return,MA_20_ratio,Close_Open,High_Low,Volume_ratio,Volatility,Momentum_Factor,Market_Regime,Date,Sentiment,Event,RAG_Sentiment,RAG_Relevance,RAG_Event_Importance,RAG_Market_Impact,RAG_Risk_Score,RAG_Confidence,Target
2023-02-07,1052.635498046875,1062.4501695052957,1046.7466710224398,1055.4201633910932,15135435,21.181398617111284,-27.16163600528057,1100.818780517578,-0.002401102737233929,-0.043770403742610986,-0.0026384424334578993,0.015002195772466198,-0.18997648173541515,0.0077551669050625535,1,2,2023-02-07,0.1675,0,0.1675,0.3832,0.5,0.0321,0.0,0.3519,1
2023-02-08,1073.6572265625,1077.2863960062462,1053.137736379797,1055.8766387784026,21160332,35.61730079871782,-25.50061848446217,1096.106591796875,0.019970567736533607,-0.020481005590499257,0.016839645022044047,0.02293020066820617,0.10484331797538204,0.011095971384131901,1,4,2023-02-08,0.1675,0,0.1675,0.3832,0.5,0.0321,0.0,0.3519,1
2023-02-09,1075.52880859375,1082.284961068636,1065.463103759131,1074.341987106508,13172763,36.72839073558007,-23.759346151020736,1092.2240844726562,0.0017431839370580793,-0.015285577489317914,0.0011046961782053,0.015788305808201786,-0.31502852936964076,0.010421772872285214,0,4,2023-02-09,0.1675,0,0.1675,0.3832,0.5,0.0321,0.0,0.3519,0
2023-02-10,1066.6729736328125,1075.00402903085,1059.6656668626474,1075.00402903085,10790445,33.75958070432779,-22.830788038786523,1089.1438842773437,-0.008233935613976229,-0.02063171906753236,-0.007749789929204498,0.014474718439840384,-0.39130088860933376,0.008799223037281907,0,4,2023-02-10,0.1675,0,0.1675,0.3832,0.5,0.0321,0.0,0.3519,0
2023-02-13,1060.6014404296875,1072.7670546240695,1056.127767130611,1068.293381324993,10352493,31.85825699662537,-22.327444154649584,1085.8513977050782,-0.0056920287222117505,-0.02325360295962764,-0.0072002139391385,0.01575499481342657,-0.37579548445113486,0.00826099997526628,0,4,2023-02-13,0.1675,0,0.1675,0.3832,0.5,0.0321,0.0,0.3519,1
2023-02-14,1085.5946044921875,1087.329254712915,1060.738368480938,1063.6143185684562,14321920,45.472215458824394,-19.684885925287062,1084.3449584960938,0.023565085912361505,0.0011524432204921276,0.02066565440122603,0.025068279815367633,-0.09056379739804665,0.011424670816346873,1,0,2023-02-14,0.1675,0,0.1675,0.3832,0.5,0.0321,0.0,0.3519,1
2023-02-15,1110.1768798828125,1112.5735854842064,1083.2664969637603,1084.6358877756606,33503591,54.99596851279859,-15.429197128383066,1083.275616455078,0.022644065555321946,0.024833258516208767,0.02354798729694485,0.027054366217906356,0.9520017397637628,0.012947725044358654,0,3,2023-02-15,0.1675,0,0.1675,0.3832,0.5,0.0321,0.0,0.3519,0
2023-02-16,1109.3096923828125,1124.716518210531,1107.027213083921,1118.165755531408,17264487,54.63345470785303,-11.988314058120524,1082.2564880371094,-0.0007811255266741979,0.02499703595657765,-0.00792017024737679,0.01597910594928531,-0.014802933047065148,0.012644931154877711,1,3,2023-02-16,0.1675,0,0.1675,0.3832,0.5,0.0321,0.0,0.3519,1
2023-02-17,1113.9429931640625,1117.2754874405753,1100.4306882070916,1104.7217922905263,11809520,56.29122553647065,-8.786238495642692,1081.5295104980469,0.004176742358842578,0.0299700399770777,0.008347079724404516,0.015307460446171817,-0.2725837658304541,0.01258536957195353,0,3,2023-02-17,0.1675,0,0.1675,0.3832,0.5,0.0321,0.0,0.3519,0
2023-02-20,1102.1654052734375,1118.3025060122343,1100.202422672568,1116.1341329085612,8836937,51.1723487228466,-7.116884442291166,1080.8847045898438,-0.010572882062098832,0.01968822446393026,-0.012515276814196397,0.016451593785531182,-0.43479025301794383,0.012946177691178881,1,3,2023-02-20,0.1675,0,0.1675,0.3832,0.5,0.0321,0.0,0.3519,1
2023-02-21,1111.158447265625,1116.9558691842672,1101.22954869757,1106.547846833629,13311592,54.56951131826786,-5.0104882080399875,1080.9714416503907,0.008159430471287976,0.027925812331494937,0.004166652571950813,0.014280692436283493,-0.138542549484844,0.012755275239499963,0,3,2023-02-21,0.1675,0,0.1675,0.3832,0.5,0.0321,0.0,0.3519,0
2023-02-22,1085.9598388671875,1109.2868172204337,1084.2023673241313,1107.4380609994969,11024335,45.10082723940682,-5.313223586686718,1080.12578125,-0.022677781427524635,0.005401276146224321,-0.019394513236184685,0.023136317215587843,-0.23647888586483978,0.014402148949420867,0,0,2023-02-22,0.1675,0,0.1675,0.3832,0.5,0.0321,0.0,0.3519,0
2023-02-23,1080.7557373046875,1093.1953270218976,1077.9483712962124,1085.5490279902117,9851910,43.42498501429045,-5.905001873100218,1079.782269287109,-0.004792167607163611,0.0009015410284713976,-0.00441554509463149,0.014144421135263707,-0.3016159741706136,0.014524191738843548,1,0,2023-02-23,0.1675,0,0.1675,0.3832,0.5,0.0321,0.0,0.3519,1
2023-02-24,1088.1510009765625,1093.8344379808216,1080.9840672539892,1082.810002251087,9434053,46.46899850206844,-5.7114167974843895,1080.8402038574218,0.006842678152528814,0.006763994430489584,0.004932535453469944,0.011887659694630015,-0.3247443695098301,0.014288256326973359,0,0,2023-02-24,0.1675,0,0.1675,0.3832,0.5,0.0321,0.0,0.3519,0
2023-02-27,1080.91552734375,1090.8672478016565,1073.543202799622,1087.3750050988056,11199715,43.97592619058668,-6.07184898761102,1081.025079345703,-0.006649328655966902,-0.00010134085142532445,-0.005940432440295629,0.016137259270848414,-0.20319652960491918,0.014349244324625745,0,0,2023-02-27,0.1675,0,0.1675,0.3832,0.5,0.0321,0.0,0.3519,0
2023-02-28,1060.2362060546875,1080.5274845520237,1056.1734344203933,1075.5516247048563,21994038,37.74336958753265,-7.93467648740625,1080.3106628417968,-0.01913130190652368,-0.018582114828250118,-0.01423959417510201,0.023058760368267928,0.4837759960053478,0.013546462830734768,1,4,2023-02-28,0.1675,0,0.1675,0.3832,0.5,0.0321,0.0,0.3519,1
2023-03-01,1069.9822998046875,1070.712697848546,1060.5555887311154,1070.0279421357468,11551145,41.92117353629413,-8.526266890523175,1080.401953125,0.009192379673834017,-0.009644237767410857,-4.2655270261593436e-05,0.009577158637750216,-0.0852587533010174,0.011273966448941273,0,0,2023-03-01,0.1675,0,0.1675,0.3832,0.5,0.0321,0.0,0.3519,0
2023-03-02,1061.833984375,1073.5203549354069,1059.802538079039,1066.8326656493814,9333535,39.532594097157734,-9.542606278917448,1080.381414794922,-0.007615374040462974,-0.017167483784828574,-0.004685534512892553,0.012943747880838519,-0.21134018179455327,0.011289662883646105,0,4,2023-03-02,0.1675,0,0.1675,0.3832,0.5,0.0321,0.0,0.3519,1
2023-03-03,1088.927001953125,1092.6018137297042,1068.909698230002,1072.3789987479977,14643807,49.778888060240064,-8.068869568106038,1081.6687316894531,0.025515304630292057,0.006710252456253674,0.015431114582108663,0.022164749313186682,0.20842367232168368,0.014601981282308893,1,0,2023-03-03,0.1675,0,0.1675,0.3832,0.5,0.0321,0.0,0.3519,1
2023-03-06,1099.5633544921875,1106.8216933590495,1095.5918675399987,1095.5918675399987,10171916,53.13628157403376,-5.973795651184901,1083.888446044922,0.009767736974090058,0.014461735895850536,0.0036249693611785094,0.010250008376080588,-0.1697482630152788,0.014718114027532158,1,3,2023-03-06,0.1675,0,0.1675,0.3832,0.5,0.0321,0.0,0.3519,1
2023-03-08,1103.5120849609375,1104.265304210858,1088.7443751303776,1099.5632986303583,15782657,54.35624480384085,-3.9492800874154455,1086.432275390625,0.0035911804923451918,0.0157210071508338,0.0035912314784405375,0.014255806445495178,0.2627427639318747,0.014501228960687607,0,3,2023-03-08,0.1675,0,0.1675,0.3832,0.5,0.0321,0.0,0.3519,0
2023-03-09,1076.9896240234375,1103.3066574341256,1075.095225544964,1102.8958764013148,16235128,45.742852121849154,-4.433866998708254,1086.598895263672,-0.024034590376451392,-0.008843439177160795,-0.023489300243290323,0.026240867989029804,0.2469577083207115,0.014735256396853308,0,0,2023-03-09,0.1675,0,0.1675,0.3832,0.5,0.0321,0.0,0.3519,0
2023-03-10,1060.3048095703125,1070.0281981219273,1056.8125666742676,1068.887018825526,13334091,41.30825752747295,-6.093983059386801,1085.8376953125,-0.015492084678396023,-0.023514458792885495,-0.008029107945050629,0.012505180071096689,-0.002537214125798881,0.015434774205248906,0,4,2023-03-10,0.1675,0,0.1675,0.3832,0.5,0.0321,0.0,0.3519,0
2023-03-13,1042.866455078125,1070.027990166369,1038.5297089513683,1063.1805534779228,12771592,37.244214422771975,-8.716290495940257,1084.6473693847656,-0.016446548515850257,-0.03852027440986616,-0.019106913057566177,0.030329687194798893,-0.06788691650352952,0.0157395982191739,0,2,2023-03-13,0.1675,0,0.1675,0.3832,0.5,0.0321,0.0,0.3519,0
2023-03-14,1038.9635009765625,1052.2018311560978,1035.8136967949142,1040.812257084253,16027522,36.381485257055395,-10.982820689422397,1083.565472412109,-0.0037425253085450194,-0.04116223022154708,-0.0017762628131124947,0.015821507682214353,0.1299286756723239,0.015714728636206023,0,2,2023-03-14,0.1675,0,0.1675,0.3832,0.5,0.0321,0.0,0.3519,0
2023-03-15,1021.205810546875,1049.1662111592916,1016.800600298463,1042.6840329673732,21728555,32.673108604040294,-14.049999756320176,1080.3460327148437,-0.017091736536458013,-0.05474192562113911,-0.02059897508871733,0.031830833745897014,0.5347198036829339,0.015506060412702815,0,2,2023-03-15,0.1675,0,0.1675,0.3832,0.5,0.0321,0.0,0.3519,0
2023-03-16,1016.1157836914062,1028.943333036388,1005.2968594074098,1023.921951504309,18363159,31.676423805279583,-16.69898834983792,1075.6429779052737,-0.004984330095755052,-0.05534103362975673,-0.007623791834362237,0.023521881529518618,0.23747666332493145,0.014836533570302755,0,2,2023-03-16,0.1675,0,0.1675,0.3832,0.5,0.0321,0.0,0.3519,0
2023-03-17,1014.837646484375,1028.007512952856,1010.0900587449328,1024.720781814394,34014213,31.417257973769697,-18.68606456526504,1070.9193756103516,-0.0012578657152514383,-0.052367834967981475,-0.009644710544973734,0.017738471983563597,0.9653142749772581,0.014850753145414038,0,2,2023-03-17,0.1675,0,0.1675,0.3832,0.5,0.0321,0.0,0.3519,0
2023-03-20,1004.8632202148438,1013.422547157944,995.1626537042278,1011.140068022912,19524589,29.395985971683615,-20.825624783294188,1065.4653869628903,-0.009828593079971859,-0.05687858797627676,-0.006207693678227377,0.01834865223865534,0.09717412458637642,0.010505493801579046,1,2,2023-03-20,0.1675,0,0.1675,0.3832,0.5,0.0321,0.0,0.3519,1
2023-03-21,1036.1102294921875,1038.0732119172071,1012.0528577510236,1012.943003930346,21400360,41.98762686223625,-19.771950427337515,1062.162628173828,0.031095783633779517,-0.02452769283215339,0.0228712034852403,0.025710469534176106,0.13120567274666795,0.015486688289246707,1,4,2023-03-21,0.1675,0,0.1675,0.3832,0.5,0.0321,0.0,0.3519,1
2023-03-22,1039.2601318359375,1046.0391051865406,1036.247254791225,1043.0946916431246,10920094,43.089467790397066,-18.469826452344932,1058.5677124023437,0.0030401228113476897,-0.018239343917441975,-0.003676137782991473,0.009449337839054994,-0.40754474315693356,0.015450421341787474,0,4,2023-03-22,0.1675,0,0.1675,0.3832,0.5,0.0321,0.0,0.3519,0
2023-03-23,1026.1131591796875,1036.2016854580306,1023.9447859117854,1035.3343603002547,16249370,39.70021127184473,-18.287922849617416,1055.5753784179688,-0.01265031944699424,-0.02791105196337318,-0.008906495789334223,0.011970273900394846,-0.11848003574173116,0.014343393244863905,0,4,2023-03-23,0.1675,0,0.1675,0.3832,0.5,0.0321,0.0,0.3519,0
2023-03-24,1005.7989501953124,1027.117362031003,1003.3795441878092,1024.9489888672188,12375945,35.10541498995798,-19.557503104358148,1051.8275390625,-0.019797240492086754,-0.04376058541708561,-0.01868389439856044,0.023657865042892245,-0.32510330897766715,0.014760654071196134,1,2,2023-03-24,0.1675,0,0.1675,0.3832,0.5,0.0321,0.0,0.3519,1
2023-03-27,1021.4338989257812,1028.9432703448797,1004.3838307288752,1012.28122236079,14054323,40.78583300410347,-19.082078583512384,1048.491683959961,0.01554480517943757,-0.025806389738817326,0.009041634244331576,0.024452245112490445,-0.23890039393337303,0.01549284779313172,0,4,2023-03-27,0.1675,0,0.1675,0.3832,0.5,0.0321,0.0,0.3519,1
2023-03-28,1026.2044677734375,1030.0846702786253,1021.1829653124684,1024.8349561252708,12576424,42.441376611886405,-18.111577200888405,1045.7561309814453,0.004670462623840299,-0.018696197544315063,0.0013363240978281343,0.008717051956926403,-0.3059637994622637,0.015613682651140203,0,4,2023-03-28,0.1675,0,0.1675,0.3832,0.5,0.0321,0.0,0.3519,0
2023-03-29,1020.133056640625,1024.7436572444662,1009.359714078918,1022.0959186617868,18804065,40.87506691929254,-17.62914222280756,1043.750973510742,-0.005916375657558426,-0.02262792320152396,-0.0019204283916246512,0.015241289057773333,0.0547339514600369,0.014718225385013918,1,4,2023-03-29,0.1675,0,0.1675,0.3832,0.5,0.0321,0.0,0.3519,1
2023-03-31,1064.116455078125,1069.7770709600843,1029.2629756900762,1029.3999027039445,28171201,54.092701320146375,-13.541617025902951,1043.457681274414,0.0431153545620222,0.019798382027797823,0.03372503949435979,0.039362239026275114,0.4977464794303581,0.01986949493424009,1,3,2023-03-31,0.1675,0,0.1675,0.3832,0.5,0.0321,0.0,0.3519,1
2023-04-03,1064.299072265625,1072.3106311531849,1056.7896998650788,1070.4846960590223,10293043,54.13854383808086,-10.170251844984476,1043.5809356689454,0.00017161391183129204,0.0198529274429482,-0.0057783393038401965,0.014686868437578049,-0.37378598916219297,0.019826151997546396,0,3,2023-04-03,0.1675,0,0.1675,0.3832,0.5,0.0321,0.0,0.3519,0
2023-04-05,1061.74267578125,1071.8540232011114,1053.8453439607506,1071.8540232011114,16262928,53.33561823999516,-7.616897626836589,1042.2217193603517,-0.0024019531267025496,0.018730137799161328,-0.009433511654566296,0.017088540878946512,0.009444157538464282,0.019344526677828325,1,3,2023-04-05,0.1675,0,0.1675,0.3832,0.5,0.0321,0.0,0.3519,1
2023-04-06,1068.864013671875,1074.5930932267388,1058.2276581630158,1058.2276581630158,18435046,55.32339216218943,-4.961520243829227,1040.686752319336,0.006707216402868088,0.02707564143556307,0.010051103301649489,0.01546494739339166,0.16572414821552095,0.01720420407428409,0,3,2023-04-06,0.1675,0,0.1675,0.3832,0.5,0.0321,0.0,0.3519,0
2023-04-10,1061.2861328125,1072.9496819536614,1059.779694186431,1072.7671126043012,12961408,52.74848075112277,-3.429058143430666,1038.575454711914,-0.007089658518245612,0.021867143111797827,-0.010702210812493562,0.012427099556139964,-0.19084128338533812,0.01751327094720844,1,3,2023-04-10,0.1675,0,0.1675,0.3832,0.5,0.0321,0.0,0.3519,1
2023-04-11,1066.535888671875,1068.6586196822263,1060.9210357303307,1065.4631729553812,10542367,54.33417981713826,-1.7705496697960823,1038.052767944336,0.004946597997528501,0.027438991164143278,0.0010068069396695911,0.007293270367260796,-0.31754344909509036,0.016717366442660603,1,3,2023-04-11,0.1675,0,0.1675,0.3832,0.5,0.0321,0.0,0.3519,1
2023-04-12,1071.23779296875,1080.8925957399235,1063.6599579243734,1066.535787256919,18179087,55.765974736383654,-0.0758905551485895,1038.599417114258,0.00440857578897802,0.03142537470815987,0.004408671296370015,0.016201265909433937,0.1342088376251216,0.014494202927031808,1,3,2023-04-12,0.1675,0,0.1675,0.3832,0.5,0.0321,0.0,0.3519,1
2023-04-13,1075.27783203125,1079.9797173840186,1069.1151503508545,1074.1365320735108,12378208,57.01313367597044,1.5749809904316407,1040.219985961914,0.003771374655578308,0.03370233848844695,0.0010625278292473173,0.010162204725654433,-0.21955149907936933,0.014144205508790843,1,3,2023-04-13,0.1675,0,0.1675,0.3832,0.5,0.0321,0.0,0.3519,1
2023-04-17,1080.73291015625,1106.9814803229494,1072.333391852291,1106.9814803229494,17929479,58.70611130391109,3.285613294057839,1042.3084564208984,0.005073180123777998,0.03686476253612514,-0.023711842188219534,0.032310929356409446,0.09354875800479001,0.01414298230226198,0,3,2023-04-17,0.1675,0,0.1675,0.3832,0.5,0.0321,0.0,0.3519,0
2023-04-18,1068.36181640625,1085.0923881243807,1061.8110548039576,1085.0923881243807,10405576,53.55493152448655,3.601541514345626,1044.6662567138671,-0.011446948301233273,0.022682420859385655,-0.015418568871402805,0.021926060399438452,-0.3310821008166692,0.014725537969981085,1,3,2023-04-18,0.1675,0,0.1675,0.3832,0.5,0.0321,0.0,0.3519,1
2023-04-19,1073.6800537109375,1076.3733137885806,1064.64142217666,1067.768405195298,12273475,55.36799932879658,4.232267266633471,1047.5444702148438,0.004977936522083004,0.0249493785125261,0.0055364519935932055,0.011019570878554319,-0.12119284135770358,0.006077393796918105,0,3,2023-04-19,0.1675,0,0.1675,0.3832,0.5,0.0321,0.0,0.3519,0
2023-04-20,1070.9638671875,1076.8755157885284,1064.595795217696,1074.638679040759,7007330,54.20418468823339,4.461518805540436,1050.35078125,-0.0025297913601445288,0.019624954163378394,-0.0034195789942523813,0.011534631853699517,-0.48617159063224713,0.006173233620455285,0,3,2023-04-20,0.1675,0,0.1675,0.3832,0.5,0.0321,0.0,0.3519,1
2023-04-21,1072.310546875,1077.7884724738817,1066.558646510675,1073.0637661728558,7647317,54.71245317543452,4.6977157549058575,1053.723147583008,0.0012574464263079843,0.01763973709282851,-0.0007019334000459843,0.010529028103560822,-0.4014277301925896,0.006080532347308431,1,3,2023-04-21,0.1675,0,0.1675,0.3832,0.5,0.0321,0.0,0.3519,1
2023-04-24,1076.4190673828125,1086.8727319946267,1071.8539885727766,1084.1794719407253,12936186,56.305752904091655,5.15698034828074,1055.738589477539,0.003831465166304504,0.01958863501949626,-0.007157859707508929,0.014011930339362877,0.058084425400325435,0.005844440996447896,1,3,2023-04-24,0.1675,0,0.1675,0.3832,0.5,0.0321,0.0,0.3519,1
2023-04-25,1084.65869140625,1086.735779878646,1072.9952636709509,1080.0709122812248,9236126,59.391380641196626,6.115325973469453,1058.0085174560547,0.0076546618999151494,0.02518899754632864,0.004247664734656542,0.012805756626255604,-0.2208112174252851,0.0055053121791476325,0,3,2023-04-25,0.1675,0,0.1675,0.3832,0.5,0.0321,0.0,0.3519,0
2023-04-26,1078.2906494140625,1089.2466212621475,1074.6158376300252,1086.0054116702795,8617834,56.094359945935814,6.288484284727929,1060.6173919677735,-0.005871009970824459,0.016663178993792993,-0.007103797249363275,0.01361489670986904,-0.2609734732732486,0.0059493362757281655,1,3,2023-04-26,0.1675,0,0.1675,0.3832,0.5,0.0321,0.0,0.3519,1
2023-04-27,1085.115234375,1088.2878596252956,1079.1579437194785,1084.1794457664448,9167125,58.73800693918972,6.896897325649434,1064.5832061767578,0.006329077382472015,0.019286447577901322,0.0008631307411419709,0.008460222119432759,-0.1480260682810015,0.006096724294643285,1,3,2023-04-27,0.1675,0,0.1675,0.3832,0.5,0.0321,0.0,0.3519,1
2023-04-28,1104.949951171875,1106.5021527689444,1087.2607695641375,1087.3748753991613,15565210,65.2811057410334,8.877233699618955,1068.7590087890626,0.01827890363026685,0.03386258462870684,0.016162848866875024,0.01769711898325954,0.4049842083349813,0.008134436745404035,1,3,2023-04-28,0.1675,0,0.1675,0.3832,0.5,0.0321,0.0,0.3519,1
2023-05-02,1114.3310546875,1116.4994278601828,1108.4194062766874,1112.1170391794085,12981805,67.8757558559337,11.075964373352916,1073.1653381347655,0.008490070980749609,0.03835915593796879,0.001990811605337095,0.007289678922743903,0.2265733444053506,0.00831242545818756,0,3,2023-05-02,0.1675,0,0.1675,0.3832,0.5,0.0321,0.0,0.3519,0
2023-05-03,1104.7674560546875,1116.1342091904096,1101.549188303151,1116.1342091904096,7061872,62.72900207757657,11.90948664134362,1077.397058105469,-0.00858236750432706,0.025404188496066293,-0.0101840379428626,0.013240462652172491,-0.31099842840010195,0.007788362582439323,1,3,2023-05-03,0.1675,0,0.1675,0.3832,0.5,0.0321,0.0,0.3519,1
2023-05-04,1117.503662109375,1119.717677582049,1102.2567073883076,1105.2467632974383,8635233,66.38461513492578,13.44280415320486,1080.0664184570312,0.011528404448272411,0.03466198283048749,0.011089739611965799,0.01584111040259706,-0.12648400899902545,0.008201841784328742,0,3,2023-05-04,0.1675,0,0.1675,0.3832,0.5,0.0321,0.0,0.3519,0
2023-05-05,1114.650634765625,1123.5979821409155,1112.0258380416835,1114.3083172243437,8746585,64.85017174713803,14.263335017945792,1082.5839965820312,-0.0025530362364671877,0.029620462047134977,0.00030720181837473604,0.010406362607195296,-0.13051746864537694,0.008203913233472686,1,3,2023-05-05,0.1675,0,0.1675,0.3832,0.5,0.0321,0.0,0.3519,1
2023-05-08,1128.4140625,1133.7778823916174,1115.746261129747,1118.4167001177036,9153782,68.61860656963891,15.84159320681897,1085.917565917969,0.012347750322027062,0.039134182847578414,0.008938852917024898,0.01616104117042938,-0.10346480028287086,0.008529654542199375,1,3,2023-05-08,0.1675,0,0.1675,0.3832,0.5,0.0321,0.0,0.3519,1
2023-05-09,1131.9061279296875,1135.2158009724574,1124.4652198090143,1129.8290394334551,6464721,69.51172909830088,17.17615862318371,1089.0696716308594,0.003094666705899529,0.0393330724513532,0.001838409550239506,0.009560616881746586,-0.32398816345778636,0.008545433106579603,1,3,2023-05-09,0.1675,0,0.1675,0.3832,0.5,0.0321,0.0,0.3519,1
2023-05-10,1139.6895751953125,1141.173192717246,1132.659447469911,1136.6766978121202,10872255,71.46133475537917,18.646920385135445,1092.98984375,0.006876407039037247,0.04272659230307907,0.00265060187209909,0.007516597567214678,0.11778091312950734,0.008522809715404327,0,1,2023-05-10,0.1675,0,0.1675,0.3832,0.5,0.0321,0.0,0.3519,0
2023-05-11,1132.24853515625,1145.5781493917782,1130.5365853892238,1140.762158669685,10557860,67.04724407933857,18.993138852094035,1096.275476074219,-0.006529005968829105,0.03281388653411388,-0.007463101268509242,0.013304800744131429,0.0642312281959736,0.008618019551398213,1,3,2023-05-11,0.1675,0,0.1675,0.3832,0.5,0.0321,0.0,0.3519,1
2023-05-12,1134.097412109375,1135.4897449397138,1121.3839680276494,1127.4553650769165,6955341,67.58304249998173,19.195435369737197,1099.41845703125,0.0016329250122366634,0.03154299880663114,0.005891184022176699,0.012578900104015522,-0.2829150890197424,0.008661038450763612,1,3,2023-05-12,0.1675,0,0.1675,0.3832,0.5,0.0321,0.0,0.3519,1
2023-05-15,1136.334228515625,1143.318592964205,1128.9846046154787,1136.631024460071,6833343,68.25553085805917,19.31361388896198,1102.471276855469,0.0019723318141513513,0.030715495606145726,-0.00026111898941616474,0.01269635413107184,-0.22579577893956837,0.007177963286057372,0,3,2023-05-15,0.1675,0,0.1675,0.3832,0.5,0.0321,0.0,0.3519,0
2023-05-16,1120.1514892578125,1141.0589403639667,1118.485181669263,1138.5026071786638,8717229,58.758467043534054,17.895174965919978,1104.442205810547,-0.01424117909301359,0.014223726116783464,-0.01611864373883809,0.020182438770457223,0.03778733599608031,0.008636658565471609,0,3,2023-05-16,0.1675,0,0.1675,0.3832,0.5,0.0321,0.0,0.3519,0
2023-05-17,1113.5321044921875,1125.2639949628326,1108.8302198375738,1124.3510275803587,8798967,55.36504823328493,16.05188671196629,1106.7007202148438,-0.005909365678753775,0.006172747656672195,-0.009622371326020729,0.014820821827588704,0.026294345261409058,0.008359362977748454,0,0,2023-05-17,0.1675,0,0.1675,0.3832,0.5,0.0321,0.0,0.3519,0
2023-05-18,1111.1357421875,1121.6123498838558,1107.9858169299096,1118.21139175125,10525531,54.14591206350293,14.233624714198868,1108.573504638672,-0.0021520370135895694,0.0023112924295112247,-0.006327649329943452,0.012298472368268865,0.20119340904133343,0.007486377395341324,1,0,2023-05-18,0.1675,0,0.1675,0.3832,0.5,0.0321,0.0,0.3519,1
2023-05-19,1114.741943359375,1116.5679991928369,1104.1968724046772,1111.1357155261294,8050447,55.72588123663277,12.934528089041123,1110.7624084472657,0.003245509108342981,0.003582705790045937,0.003245533180920246,0.011203732864428773,-0.0739105571049341,0.007538038961285598,1,0,2023-05-19,0.1675,0,0.1675,0.3832,0.5,0.0321,0.0,0.3519,1
2023-05-22,1120.69921875,1125.7207212869755,1110.3596592183865,1111.5693019532655,7434906,58.28308396668026,12.244539561015472,1113.1818420410157,0.00534408472392478,0.006753053656715524,0.008213538085921623,0.013834312099740842,-0.12746700527868593,0.006523963550886765,0,0,2023-05-22,0.1675,0,0.1675,0.3832,0.5,0.0321,0.0,0.3519,0
2023-05-23,1120.4937744140625,1126.6336347127256,1119.0786204739588,1123.2784399572938,6092034,58.15832886016563,11.548022624099758,1115.3855773925782,-0.0001833179969257248,0.0045797588968521374,-0.002479051893257367,0.006751102291246536,-0.2819208082122435,0.006395059206714056,0,0,2023-05-23,0.1675,0,0.1675,0.3832,0.5,0.0321,0.0,0.3519,0
2023-05-24,1113.9658203125,1124.8076864197674,1110.861658447196,1116.545095308795,8112254,54.18919189704545,10.34996859848161,1116.8509338378906,-0.005825961955903014,-0.0025832574768741567,-0.0023100499989940904,0.012554243695894307,-0.011639818517800493,0.0059003889147437785,0,0,2023-05-24,0.1675,0,0.1675,0.3832,0.5,0.0321,0.0,0.3519,0
2023-05-25,1113.8289794921875,1117.9603357408223,1102.9187697829475,1111.0672556833676,11487863,54.10583308534447,9.282457845183444,1118.6278503417968,-0.00012284113014715548,-0.004289961892279925,0.0024856495362390874,0.013637963529113728,0.3839479042450349,0.0057312923105969785,1,0,2023-05-25,0.1675,0,0.1675,0.3832,0.5,0.0321,0.0,0.3519,1
2023-05-26,1144.2088623046875,1145.3500415058625,1118.7591533794464,1122.0687058844728,12626260,66.44635763599359,10.76377246117272,1121.5825317382812,0.027275177223661906,0.02017357610887438,0.01973155146748584,0.02376819715493972,0.4238189013626408,0.01082400121043804,1,3,2023-05-26,0.1675,0,0.1675,0.3832,0.5,0.0321,0.0,0.3519,1
2023-05-29,1150.6453857421875,1154.9364899661489,1144.5283465169668,1150.8279550929285,10010304,68.38593209034406,12.315137377988776,1123.8673034667968,0.005625304653326557,0.023826729537186786,-0.00015864174130719721,0.009093827584835346,0.08978470002899663,0.010923884209827345,1,3,2023-05-29,0.1675,0,0.1675,0.3832,0.5,0.0321,0.0,0.3519,0
2023-05-30,1150.3486328125,1158.451475420254,1147.7921790871794,1150.645307987406,11342504,68.19022019596026,13.366578177365454,1125.6681823730469,-0.00025790129032332576,0.02192515594375566,-0.00025783373281640376,0.00928678250931414,0.2005054557489665,0.009517072147360079,0,3,2023-05-30,0.1675,0,0.1675,0.3832,0.5,0.0321,0.0,0.3519,0
2023-05-31,1127.5008544921875,1145.7379850828545,1123.438083146388,1141.241490829393,27107927,55.11244730390983,12.215416109417674,1126.8048522949218,-0.01986161209619708,0.0006176776713804344,-0.012040077799151394,0.01984969378464685,1.403397445678488,0.011693865713663477,1,0,2023-05-31,0.1675,0,0.1675,0.3832,0.5,0.0321,0.0,0.3519,0
2023-06-01,1124.4652099609375,1134.3484659204855,1122.068625138698,1132.1800927726736,14592692,53.64048721617578,10.932141807428025,1127.1529296875,-0.002692365614762382,-0.0023845209072984597,-0.006814183415681296,0.010943930261190227,0.24876285961725708,0.01171286578205873,0,0,2023-06-01,0.1675,0,0.1675,0.3832,0.5,0.0321,0.0,0.3519,0
2023-06-02,1120.7904052734375,1133.412563645759,1118.8731857024295,1128.003101699598,15800644,51.83563040682806,9.508997842964163,1127.459918212891,-0.0032680465833422323,-0.005915521103424304,-0.006394216837961486,0.012994661172616828,0.26803428380988126,0.011770816521472325,1,0,2023-06-02,0.1675,0,0.1675,0.3832,0.5,0.0321,0.0,0.3519,1
2023-06-05,1130.8563232421875,1133.8235582589482,1122.274114564264,1126.268543700321,10908682,56.18454767916906,9.08861357380647,1127.58203125,0.008981088632976197,0.0029038171072641727,0.004073433079106792,0.010291107622283802,-0.14829927685541644,0.01198776675651362,1,0,2023-06-05,0.1675,0,0.1675,0.3832,0.5,0.0321,0.0,0.3519,1
2023-06-06,1131.8148193359375,1135.6265579862757,1123.8946668621782,1133.6865172838243,7493309,56.58652491613751,8.732139962157817,1127.5774658203125,0.0008475843253030746,0.0037579267447866993,-0.0016509836884812668,0.010438603785577039,-0.42128762341277803,0.01198120665923222,1,0,2023-06-06,0.1675,0,0.1675,0.3832,0.5,0.0321,0.0,0.3519,1
2023-06-07,1140.3970947265625,1141.241598708449,1128.733545665894,1135.3071289198083,10312545,60.11495136984425,9.037965910549474,1127.612841796875,0.0075827558042227405,0.011337448861717059,0.00448333818849278,0.011081493139442067,-0.2168642767354535,0.011873523299566003,1,0,2023-06-07,0.1675,0,0.1675,0.3832,0.5,0.0321,0.0,0.3519,1
2023-06-08,1141.081787109375,1148.9335976883085,1137.133121023714,1143.9805586437908,12071109,60.39153233848565,9.229195707940562,1128.0545043945312,0.0006003982174092037,0.011548451483588629,-0.002533934263579063,0.010377392449857581,-0.08736098541321013,0.011858568136182784,0,0,2023-06-08,0.1675,0,0.1675,0.3832,0.5,0.0321,0.0,0.3519,0
2023-06-09,1133.001708984375,1145.144501301207,1131.1984746215855,1144.4369244051345,5877018,55.50036259620914,8.62927896705969,1127.9997192382812,-0.007081068347842723,0.004434389176507514,-0.00999200146107082,0.012328540917001085,-0.5317741457485661,0.008329541211306676,1,0,2023-06-09,0.1675,0,0.1675,0.3832,0.5,0.0321,0.0,0.3519,1
2023-06-12,1134.006103515625,1136.311403822295,1125.2641468372988,1130.0574375493186,6391969,55.97765369403616,8.141042007699298,1127.8833129882812,0.0008864898643006214,0.0054285673498633,0.0034942170504799197,0.009817478870224328,-0.4756314231821863,0.008043638773669818,1,0,2023-06-12,0.1675,0,0.1675,0.3832,0.5,0.0321,0.0,0.3519,1
2023-06-13,1150.759521484375,1151.946463788879,1134.9647365494957,1138.959165682283,11248016,63.08920062318226,9.002199760605663,1129.4137145996094,0.014773657669752804,0.01889990054913837,0.010360648702469666,0.014962339086420418,-0.07654722187040441,0.009549746059440303,1,3,2023-06-13,0.1675,0,0.1675,0.3832,0.5,0.0321,0.0,0.3519,1
2023-06-14,1164.9107666015625,1166.3487415549168,1149.0018781974788,1150.8278129732469,13277380,67.81827483590688,10.703181089061673,1131.982647705078,0.012297308736523682,0.029088890155022362,0.01223723781225905,0.015097332464461433,0.22969031510401017,0.007219988566766137,1,3,2023-06-14,0.1675,0,0.1675,0.3832,0.5,0.0321,0.0,0.3519,1
2023-06-15,1165.23046875,1169.7954267696327,1157.4471223513988,1164.888030487722,11813494,67.91827850343054,11.93938849967526,1134.6873840332032,0.0002744434660606476,0.026917620788408314,0.00029396667603709403,0.010668568939156353,0.12301798181469503,0.007004461311060819,1,3,2023-06-15,0.1675,0,0.1675,0.3832,0.5,0.0321,0.0,0.3519,1
2023-06-16,1176.574462890625,1178.856942021871,1168.72265257123,1168.72265257123,24171579,71.32344747671601,13.676799667360456,1137.7790100097657,0.009735408097244713,0.03409752908038466,0.006718283676730996,0.008671252694850473,1.1284337166221516,0.0067937926879671,0,3,2023-06-16,0.1675,0,0.1675,0.3832,0.5,0.0321,0.0,0.3519,0
2023-06-19,1164.8880615234375,1179.5873088461865,1160.7111839901809,1179.5873088461865,6798554,63.8095359465293,13.949909736200423,1139.9884521484375,-0.009932564181680537,0.021841983862269654,-0.012461347466621198,0.016262551025927996,-0.37887207737925266,0.008045647782657058,1,3,2023-06-19,0.1675,0,0.1675,0.3832,0.5,0.0321,0.0,0.3519,1
2023-06-20,1167.3074951171875,1170.457299404325,1157.2189687814275,1162.9480481347905,6921096,64.64007989327695,14.197914780676683,1142.3291381835938,0.0020769665976194673,0.021866164574346314,0.0037486171367577814,0.011439780179923753,-0.36435336503226035,0.008018477452092262,1,3,2023-06-20,0.1675,0,0.1675,0.3832,0.5,0.0321,0.0,0.3519,1
2023-06-21,1170.59423828125,1173.127750027222,1163.1533304634168,1167.2617442064677,6961603,65.78869583807197,14.492611466437438,1145.160559082031,0.002815661835301242,0.022209705877057617,0.002854967269614317,0.008575326487550328,-0.3403313681187602,0.00786398890159562,0,3,2023-06-21,0.1675,0,0.1675,0.3832,0.5,0.0321,0.0,0.3519,0
2023-06-22,1157.4471435546875,1174.702723824018,1155.8494202932393,1166.8053921892115,7619166,57.71290262198534,13.50957012847357,1147.3414672851563,-0.011231128854577332,0.008807906414681543,-0.008020402285736417,0.016311210785567187,-0.24622324671454132,0.009011974386406623,0,0,2023-06-22,0.1675,0,0.1675,0.3832,0.5,0.0321,0.0,0.3519,0
2023-06-23,1147.9749755859375,1156.4885999942844,1146.719569774206,1154.4343325060674,6628570,52.69409926170385,11.829811292066324,1147.5297729492188,-0.008183672162911604,0.0003879660878640667,-0.0055952571213885305,0.00851911005757211,-0.34906441014520984,0.00913402356390562,0,0,2023-06-23,0.1675,0,0.1675,0.3832,0.5,0.0321,0.0,0.3519,0
2023-06-26,1139.2100830078125,1148.2715353178476,1136.0831001245697,1144.436975506937,12641159,48.49188475628994,9.679754547428956,1146.9580078125,-0.007635090280301071,-0.0067551948300744735,-0.004567217427424719,0.0107284715281315,0.16960462947764277,0.009569338628888825,1,0,2023-06-26,0.1675,0,0.1675,0.3832,0.5,0.0321,0.0,0.3519,1
2023-06-27,1139.62109375,1145.578264166708,1135.1474200849475,1139.666736088607,9689466,48.698488246444526,7.917713743486729,1146.421630859375,0.0003607857306724416,-0.0059319685936815025,-4.0048846879248146e-05,0.009188977481867422,-0.09037946099938143,0.0081624696453465,1,0,2023-06-27,0.1675,0,0.1675,0.3832,0.5,0.0321,0.0,0.3519,1
2023-06-28,1154.708251953125,1158.519990797568,1140.2600374666351,1147.1760589375283,11354006,55.71969209412636,7.650501075764168,1147.782000732422,0.01323874951584103,0.006034465792531529,0.006565856179541196,0.01601385011396328,0.0854825882002177,0.008335728192610992,1,0,2023-06-28,0.1675,0,0.1675,0.3832,0.5,0.0321,0.0,0.3519,1
2023-06-30,1164.1805419921875,1167.1021346662303,1156.511421596289,1162.423070452648,11151555,59.47018435748008,8.10958550074156,1149.7677673339845,0.00820318900730177,0.012535378941455733,0.0015119035265318548,0.00915746517688798,0.0729173820456237,0.008817518050515085,1,0,2023-06-30,0.1675,0,0.1675,0.3832,0.5,0.0321,0.0,0.3519,1
2023-07-03,1194.058349609375,1196.934300105854,1166.5087289327182,1167.7413136446191,12154387,68.5256831444584,10.760264954151808,1153.4311645507812,0.025664238955634522,0.035222895225322404,0.02253670025822596,0.026082591941659183,0.3222851301227916,0.011737865680205482,0,3,2023-07-03,0.1675,0,0.1675,0.3832,0.5,0.0321,0.0,0.3519,0
2023-07-04,1181.755615234375,1198.3036177471888,1174.6798459927943,1198.3036177471888,8061643,62.34835913865038,11.732969305636743,1155.9761291503903,-0.010303294122121165,0.022301054004403964,-0.013809523953473568,0.020110817287776417,-0.13485580057171798,0.011778633499163433,0,3,2023-07-04,0.1675,0,0.1675,0.3832,0.5,0.0321,0.0,0.3519,0
2023-07-05,1179.8155517578125,1190.9997357239995,1175.8440646341217,1190.9997357239995,10248062,61.40826187599097,12.206587659175511,1158.3761657714845,-0.0016416790845353857,0.018508138046891887,-0.009390584758936282,0.012889184497940853,0.061869512962630546,0.011817054779274319,1,3,2023-07-05,0.1675,0,0.1675,0.3832,0.5,0.0321,0.0,0.3519,1
2023-07-06,1204.5804443359375,1207.1824197013011,1175.958111582341,1175.958111582341,19117987,68.03408820899176,14.414096744001426,1161.5853332519532,0.02099047816519084,0.03701416491168663,0.02433958528937996,0.026552228188592153,0.7593347343296457,0.013397322639485463,0,3,2023-07-06,0.1675,0,0.1675,0.3832,0.5,0.0321,0.0,0.3519,0
2023-07-07,1202.2294921875,1216.5406584496827,1199.6730384312104,1202.8686056265724,13375267,66.86052226388448,15.791823100681995,1164.6427185058594,-0.0019516771665121224,0.032273222580965655,-0.0005313243990929806,0.01406018096441497,0.16894085724801666,0.012604121633967838,1,3,2023-07-07,0.1675,0,0.1675,0.3832,0.5,0.0321,0.0,0.3519,1
2023-07-10,1248.541015625,1258.1046546175523,1221.1284462814797,1227.4736968882496,33240016,75.73871682352596,20.385641083401197,1170.4196838378907,0.03852136695901098,0.0667464268295146,0.017163152897009315,0.030280359489348374,1.3568871712707673,0.015869861379924643,1,1,2023-07-10,0.1675,0,0.1675,0.3832,0.5,0.0321,0.0,0.3519,1
2023-07-11,1262.0760498046875,1264.495455649915,1249.7050458386786,1256.6894093813987,20069348,77.62536103398271,24.832189054755645,1176.8231811523438,0.01084068045046327,0.0724432268311237,0.004286373691921419,0.011835120503422836,0.35181956007964543,0.014817492493589822,0,1,2023-07-11,0.1675,0,0.1675,0.3832,0.5,0.0321,0.0,0.3519,1
2023-07-12,1263.468505859375,1279.103541836806,1260.683840337917,1262.806571231475,18733835,77.81648424845008,28.14404291639289,1182.4586303710937,0.0011033059813654322,0.0685096910856473,0.0005241773704540709,0.014610880943751736,0.1894037301639595,0.014763399848895027,0,1,2023-07-12,0.1675,0,0.1675,0.3832,0.5,0.0321,0.0,0.3519,0
2023-07-13,1252.170166015625,1277.733978890264,1249.545369524751,1270.8408996155135,14682934,72.41163508681097,29.516778314283783,1186.821600341797,-0.008942320122229841,0.055061827030286725,-0.01469163732890344,0.02255909233310538,-0.08708111442933508,0.015921475061183663,0,1,2023-07-13,0.1675,0,0.1675,0.3832,0.5,0.0321,0.0,0.3519,0
2023-07-14,1251.120361328125,1260.341562579208,1243.9989491216202,1255.3657025022662,15124144,71.91184120169505,30.17216461033172,1191.1160949707032,-0.0008383881967419793,0.050376505372381475,-0.003381756539691305,0.013137160179377272,-0.08231526402149492,0.016178976411880746,1,1,2023-07-14,0.1675,0,0.1675,0.3832,0.5,0.0321,0.0,0.3519,1
2023-07-17,1276.68408203125,1285.0607786645128,1245.3227267228626,1253.9962192785829,22220040,76.21666665464096,32.381072737566456,1196.1215759277345,0.020432662990144124,0.06735310835023589,0.018092449087062867,0.031909842395812626,0.2706366866484504,0.015594804483165617,1,1,2023-07-17,0.1675,0,0.1675,0.3832,0.5,0.0321,0.0,0.3519,1
2023-07-18,1287.52587890625,1295.286283587151,1274.995004828538,1285.9509768018002,25867313,77.77257267004649,34.60755637443049,1202.253466796875,0.008492153248868206,0.07092715010967154,0.0012246984005306327,0.015914790788801536,0.3425085374922072,0.014387500330530913,1,1,2023-07-18,0.1675,0,0.1675,0.3832,0.5,0.0321,0.0,0.3519,1
2023-07-19,1297.294921875,1303.7543992835303,1276.8210735612868,1291.8854597114334,39122156,79.09937247619699,36.7368611543875,1208.7528381347656,0.007587453680580669,0.07325077629341026,0.00418726143475201,0.021094048555387435,0.7658144523767312,0.013939388972035779,0,1,2023-07-19,0.1675,0,0.1675,0.3832,0.5,0.0321,0.0,0.3519,0
2023-07-20,1295.723876953125,1301.213635792283,1276.014839753512,1276.014839753512,38717624,78.29000861655801,37.86114067592053,1215.009320068359,-0.0012110160113818491,0.06643122447836425,0.015445774285368197,0.01974804308987399,0.6055232926151595,0.01369367320926518,0,1,2023-07-20,0.1675,0,0.1675,0.3832,0.5,0.0321,0.0,0.3519,0
2023-07-21,1255.6134033203125,1293.2755748788927,1248.1205739980844,1290.3576048302098,30249238,61.10031643705979,35.110824561958225,1219.9176330566406,-0.030956034959494394,0.029260803595593687,-0.026926025297048573,0.03617839639976772,0.17232999903172797,0.018219205266522973,0,3,2023-07-21,0.1675,0,0.1675,0.3832,0.5,0.0321,0.0,0.3519,0
2023-07-24,1230.216796875,1243.8424839995955,1221.2649818512405,1227.0515368964086,23727866,53.143895899532886,30.52995501763849,1224.0297241210938,-0.020226453762084984,0.00505467525173775,0.002579565636336101,0.01848698069941479,-0.04521200207804377,0.015262951935468476,0,0,2023-07-24,0.1675,0,0.1675,0.3832,0.5,0.0321,0.0,0.3519,0
2023-07-25,1229.425537109375,1239.0203294862108,1226.556952345633,1233.4810641733905,12026020,52.91270946432196,26.529914509957507,1228.540496826172,-0.000643187255803146,0.0007203997633691284,-0.003287871360014183,0.01016127063382033,-0.49989763845703417,0.01466218754156973,1,0,2023-07-25,0.1675,0,0.1675,0.3832,0.5,0.0321,0.0,0.3519,1
2023-07-26,1249.406494140625,1259.693770122974,1229.0298463901022,1229.0298463901022,12911012,57.893927785914975,24.687566929396095,1234.029766845703,0.016252271022634934,0.012460580537069443,0.01657945721202214,0.02494969818913484,-0.449771875017726,0.015815407108410538,0,0,2023-07-26,0.1675,0,0.1675,0.3832,0.5,0.0321,0.0,0.3519,0
2023-07-27,1237.7838134765625,1255.06933898356,1231.6758304667376,1253.2889256301971,17226898,54.29582927711621,22.0356270121149,1238.183544921875,-0.00930256143102326,-0.0003228369872559922,-0.012371538466948606,0.018993235020255073,-0.27371600169619326,0.01583589175691074,1,0,2023-07-27,0.1675,0,0.1675,0.3832,0.5,0.0321,0.0,0.3519,1
2023-07-28,1250.2225341796875,1257.6412248805652,1236.7204929547063,1242.4081558253793,20827852,57.35078664192788,20.69904067133598,1242.48564453125,0.010049186754339967,0.006226944900724618,0.0062897030397526255,0.01691629761537805,-0.14251982861851675,0.016220985116220728,1,0,2023-07-28,0.1675,0,0.1675,0.3832,0.5,0.0321,0.0,0.3519,1
2023-07-31,1260.8065185546875,1263.1062644351005,1245.3261593927457,1250.222567835286,8551174,59.812291625691365,20.260277583303377,1245.8230529785155,0.008465680377409468,0.012026961244897105,0.008465653229830172,0.01427746852360734,-0.6269563231019146,0.014940890901773465,0,0,2023-07-31,0.1675,0,0.1675,0.3832,0.5,0.0321,0.0,0.3519,0
2023-08-01,1242.976806640625,1265.628565172541,1239.0696780480796,1263.650247759219,9536632,54.143200503314795,18.263317773799145,1248.8841125488282,-0.014141513112179482,-0.004730067304761443,-0.01636009738869859,0.021434538827792116,-0.5520530748860883,0.015032135612259058,0,0,2023-08-01,0.1675,0,0.1675,0.3832,0.5,0.0321,0.0,0.3519,0
2023-08-02,1229.697509765625,1242.383422770223,1218.4458286875906,1240.998576334311,12748214,50.31793779226205,15.431302015369283,1251.3782104492188,-0.010683463121801684,-0.017325458045022946,-0.009106429921996728,0.019646006017695505,-0.3165322173144446,0.014652140157266395,0,4,2023-08-02,0.1675,0,0.1675,0.3832,0.5,0.0321,0.0,0.3519,0
2023-08-03,1224.529052734375,1236.893537376658,1215.700883147937,1224.2323775511124,10168350,48.87071126039129,12.624332389999836,1252.3756408691406,-0.004203031225325504,-0.022235012584115976,0.00024233567801568157,0.017432457706080484,-0.35632459205626554,0.014591154161585126,0,4,2023-08-03,0.1675,0,0.1675,0.3832,0.5,0.0321,0.0,0.3519,1
2023-08-04,1241.1717529296875,1244.3617658987637,1222.4024889169664,1235.8550243989196,22885610,53.50776053713788,11.60889543539065,1254.32275390625,0.013591102765711627,-0.010484543101532129,0.004302064907130809,0.017964031635155475,0.5195316729684771,0.012638558624635282,1,0,2023-08-04,0.1675,0,0.1675,0.3832,0.5,0.0321,0.0,0.3519,1
2023-08-07,1248.2442626953125,1250.4945023600335,1238.92139273861,1246.8346631113916,5982870,55.36054660854379,11.245218880343373,1254.3079162597655,0.005698252275666782,-0.0048342623735759815,0.0011305425054539686,0.009341278380738505,-0.5497018348720524,0.010801054771773082,0,0,2023-08-07,0.1675,0,0.1675,0.3832,0.5,0.0321,0.0,0.3519,0
2023-08-08,1240.7265625,1253.4867351589849,1236.2259624118224,1250.2967221809697,9844072,52.94526344238924,10.232433884252032,1253.2404418945312,-0.006022619466385271,-0.009985218299860987,-0.007654310781744611,0.013962473910099416,-0.24671948121298148,0.011051177897236478,1,0,2023-08-08,0.1675,0,0.1675,0.3832,0.5,0.0321,0.0,0.3519,1
2023-08-09,1248.911865234375,1250.7912910864598,1227.1009863432985,1238.8472469851745,11486586,55.23527680240928,9.97529105547801,1252.512609863281,0.006597185054120214,-0.0028748170681484053,0.008124180179351015,0.019305912884771903,-0.11134606192820584,0.009932877581639011,1,0,2023-08-09,0.1675,0,0.1675,0.3832,0.5,0.0321,0.0,0.3519,1
2023-08-10,1254.475830078125,1261.177404750792,1240.6276075945868,1248.788167272386,15470598,56.775209980582254,10.10399639305706,1252.6278930664062,0.0044550500308568886,0.0014752481738173895,0.00455454572264391,0.01656403342180046,0.21336160186653763,0.00944109499566848,1,0,2023-08-10,0.1675,0,0.1675,0.3832,0.5,0.0321,0.0,0.3519,1
2023-08-11,1259.767822265625,1265.55449762201,1242.5565564009414,1252.4975295128647,22179330,58.24643478292862,10.511841873148342,1253.0602661132812,0.004218488758902961,0.00535293978568907,0.005804636401628649,0.018508566956245476,0.7212835519574348,0.00901676085581135,1,0,2023-08-11,0.1675,0,0.1675,0.3832,0.5,0.0321,0.0,0.3519,1
2023-08-14,1274.65478515625,1277.1524353275731,1248.8130109688743,1255.73712271286,9575812,62.14936600886412,11.899149851695256,1252.9588012695312,0.011817227450572343,0.017315799900791573,0.015064986215045373,0.022693088644802017,-0.26270757603011574,0.009388100117094764,0,3,2023-08-14,0.1675,0,0.1675,0.3832,0.5,0.0321,0.0,0.3519,0
2023-08-16,1273.6160888671875,1277.3996937112483,1261.672044700447,1261.672044700447,10203112,61.715893546438366,12.76761024656662,1252.2633117675782,-0.0008148843915689596,0.017051347667025096,0.00946683745344945,0.012465718866375708,-0.21841917664370747,0.007788597536099879,0,3,2023-08-16,0.1675,0,0.1675,0.3832,0.5,0.0321,0.0,0.3519,0
2023-08-17,1255.2425537109375,1275.0752365265755,1252.695518025622,1269.6348629683328,13673744,54.47766748413047,11.836832990806895,1250.160693359375,-0.014426274382724147,0.004064965710853352,-0.011335786120229008,0.017865249918213255,0.04006505388708814,0.008543970874569842,1,0,2023-08-17,0.1675,0,0.1675,0.3832,0.5,0.0321,0.0,0.3519,1
2023-08-18,1264.5406494140625,1274.827925208279,1240.6771930744892,1251.9041214413387,18639978,57.21254302738336,11.714427299611316,1248.601531982422,0.007407409568482626,0.012765575744836388,0.010093846450617283,0.027525880482385467,0.33198156100877196,0.008380950218373987,0,0,2023-08-18,0.1675,0,0.1675,0.3832,0.5,0.0321,0.0,0.3519,0
2023-08-21,1250.74267578125,1268.3374245054663,1248.5836072167706,1260.6443643964944,9221746,52.20072201168416,10.384334604466176,1248.357995605469,-0.010911451236625624,0.0019102534562807083,-0.007854466251459136,0.015820980809390095,-0.2697257558586206,0.008601268147876791,0,0,2023-08-21,0.1675,0,0.1675,0.3832,0.5,0.0321,0.0,0.3519,0
2023-08-22,1250.44482421875,1259.6517042081298,1240.319812990251,1249.204008079304,7713044,52.094633942101915,9.20013895394527,1249.3693969726562,-0.0002381397614932279,0.0008607760432579603,0.0009932854292982185,0.015586214954731892,-0.3974562000497125,0.008428911449790338,1,0,2023-08-22,0.1675,0,0.1675,0.3832,0.5,0.0321,0.0,0.3519,1
2023-08-23,1251.8345947265625,1262.0838090060652,1249.228880766707,1252.8272476636505,9517952,52.5789060954493,8.278370334315014,1250.4898498535156,0.0011114208967042405,0.0010753744808120747,-0.0007923302585725045,0.010290290624299647,-0.25455747048630273,0.00813990301322064,0,0,2023-08-23,0.1675,0,0.1675,0.3832,0.5,0.0321,0.0,0.3519,0
2023-08-24,1230.7904052734375,1260.6195534341234,1226.4227081001463,1260.6195534341234,14140020,45.13806446344489,5.783107780403043,1249.5590454101562,-0.016810678936159063,-0.015020210694051683,-0.023662292147878183,0.027883408475819493,0.08489535025252093,0.009567020784600117,0,4,2023-08-24,0.1675,0,0.1675,0.3832,0.5,0.0321,0.0,0.3519,0
2023-08-25,1225.1075439453125,1243.2978613921046,1212.32713678729,1218.9778633049934,22222400,43.353807900405734,3.30889196662838,1248.9252319335938,-0.004617245392697478,-0.019070547523014292,0.005028541390981189,0.025546507757706394,0.6210419390329673,0.009376337306360514,0,4,2023-08-25,0.1675,0,0.1675,0.3832,0.5,0.0321,0.0,0.3519,0
2023-08-28,1212.897705078125,1232.87484375,1206.6192242506277,1226.9189266304347,12580826,39.72084926282505,0.3586913827657554,1247.0589904785156,-0.00996634044703304,-0.027393479908502494,-0.011427993527508007,0.021759656212736456,-0.013180578905567453,0.009349112454883627,0,4,2023-08-28,0.1675,0,0.1675,0.3832,0.5,0.0321,0.0,0.3519,0
2023-08-29,1201.2838134765625,1217.7121468384466,1195.228533637356,1217.0173382536789,16876644,36.58078361445468,-2.8832712694766087,1244.0828552246094,-0.009575326553045493,-0.034402083083380997,-0.012927938068403089,0.018811141608766624,0.2520744017191967,0.0076934549753346106,0,4,2023-08-29,0.1675,0,0.1675,0.3832,0.5,0.0321,0.0,0.3519,0
2023-08-30,1200.142333984375,1212.525656094156,1198.628513903965,1207.066064519438,12168946,36.27723419988865,-5.481470899305577,1241.9411315917969,-0.0009502163263850338,-0.033656021645605994,-0.005735999659488011,0.011594202898550732,-0.11016640671330469,0.007683659870452197,0,4,2023-08-30,0.1675,0,0.1675,0.3832,0.5,0.0321,0.0,0.3519,0
2023-08-31,1194.6578369140625,1203.5917135507275,1191.133870437995,1202.599060591098,21638600,34.78373172425451,-7.892140222879561,1240.1891479492188,-0.0045698721851635815,-0.03671319903939407,-0.006603384234419862,0.01045881023276718,0.49520292114665776,0.007076243746057878,1,2,2023-08-31,0.1675,0,0.1675,0.3832,0.5,0.0321,0.0,0.3519,1
2023-09-01,1197.4619140625,1203.9141576589248,1192.0023233270636,1194.4343955405525,18112842,36.22927456846948,-9.467215273976764,1238.835791015625,0.002347180139612881,-0.033397385878887076,0.0025346879939582845,0.009993130129657413,0.25615248227688125,0.006227411057400931,0,4,2023-09-01,0.1675,0,0.1675,0.3832,0.5,0.0321,0.0,0.3519,0
2023-09-04,1196.494140625,1202.921543874001,1193.8140262826475,1197.4619529612137,9347626,35.93324175951463,-10.670561240375037,1236.6019104003906,-0.0008081872384706479,-0.03243385720017555,-0.0008082196965175648,0.007628924933737569,-0.3522937051210895,0.006054309416568512,1,4,2023-09-04,0.1675,0,0.1675,0.3832,0.5,0.0321,0.0,0.3519,1
2023-09-05,1202.89697265625,1208.033879307401,1197.362859390741,1201.1101487589583,8675876,39.45792891631412,-10.980984599130124,1234.3345458984377,0.005351327527525873,-0.025469248468052208,0.0014876436596076292,0.008912101985599996,-0.40282402470256895,0.0067050692886692805,1,4,2023-09-05,0.1675,0,0.1675,0.3832,0.5,0.0321,0.0,0.3519,1
2023-09-06,1205.4281005859375,1209.125708635972,1199.745186611218,1201.6560920331103,8200370,40.84346308137142,-10.8971410185884,1232.5696228027343,0.002104193449001812,-0.022020275134705836,0.0031390083883693354,0.007818761958320541,-0.4303880514697582,0.00679343927959828,0,4,2023-09-06,0.1675,0,0.1675,0.3832,0.5,0.0321,0.0,0.3519,1
2023-09-07,1207.06591796875,1210.1679582595823,1196.6430625915527,1201.9537313347682,13652572,41.77206045598754,-10.576615561488552,1230.4773254394531,0.0013587018437817289,-0.019026281091642172,0.00425323080307316,0.011302364164246903,-0.04844676454857455,0.005140737618716821,1,4,2023-09-07,0.1675,0,0.1675,0.3832,0.5,0.0321,0.0,0.3519,1
2023-09-08,1215.1064453125,1218.9778160313297,1202.5742018862825,1211.0365924741222,23109288,46.23411854679808,-9.56355080771823,1228.508856201172,0.0066612164456441025,-0.010909494726896174,0.003360635726178396,0.013640417463901544,0.6007698340003875,0.005693760277630019,1,0,2023-09-08,0.1675,0,0.1675,0.3832,0.5,0.0321,0.0,0.3519,1
2023-09-11,1228.20947265625,1229.326207160582,1216.9924464989117,1216.9924464989117,13271074,52.6076979390203,-7.615597029533774,1226.9309387207031,0.010783439915323711,0.0010420585993862197,0.009217005569432946,0.010134623840232226,-0.0850932189743232,0.005764503344371781,1,0,2023-09-11,0.1675,0,0.1675,0.3832,0.5,0.0321,0.0,0.3519,0
2023-09-12,1210.4658203125,1232.3785847782628,1209.026400892418,1232.3785847782628,16255666,44.853619650794435,-7.418083036673806,1223.7214904785155,-0.01444676395906297,-0.010832260664828341,-0.017780870859343545,0.019314866795801855,0.12548252523698555,0.006880652053805187,1,0,2023-09-12,0.1675,0,0.1675,0.3832,0.5,0.0321,0.0,0.3519,1
2023-09-13,1216.52099609375,1222.278310335504,1204.2120756300535,1211.0365644667,12803338,47.68733453623269,-6.695765082091839,1220.8667358398438,0.005002351722485532,-0.003559552913123154,0.0045287085361169765,0.015002535741885925,-0.11742051886389904,0.006970929507560653,1,0,2023-09-13,0.1675,0,0.1675,0.3832,0.5,0.0321,0.0,0.3519,1
2023-09-14,1217.6376953125,1223.8417758931353,1213.5181615722684,1220.9630582690309,9209636,48.21581679266899,-5.9644600223671205,1218.9864929199218,0.0009179448791560851,-0.0011064910195935918,-0.002723557386941078,0.008507177434815993,-0.3056578052334331,0.006659693350292308,1,0,2023-09-14,0.1675,0,0.1675,0.3832,0.5,0.0321,0.0,0.3519,1
2023-09-15,1219.89599609375,1224.9336610195687,1215.7516218263509,1224.9336610195687,25468592,49.33062300939781,-5.1433798132823085,1216.7542602539063,0.0018546574157023432,0.002582062740580149,-0.004112602246251984,0.00755256174729535,0.8192626174551805,0.0066580628004077845,0,0,2023-09-15,0.1675,0,0.1675,0.3832,0.5,0.0321,0.0,0.3519,0
2023-09-18,1209.274658203125,1216.4962329024152,1207.0908701058952,1211.061482045193,7516300,44.48048708947328,-5.288755551704071,1214.680859375,-0.008706756907667312,-0.00445071734698832,-0.0014754195955852811,0.00779176036324003,-0.45598201633447955,0.0074352700974736965,0,0,2023-09-18,0.1675,0,0.1675,0.3832,0.5,0.0321,0.0,0.3519,0
2023-09-20,1182.3240966796875,1204.882232531632,1168.8488809798134,1202.623922773179,57081884,35.060869568188394,-7.492285547474467,1211.2748229980468,-0.022286551149168776,-0.02390103861541748,-0.01687961274434091,0.030828066945329136,2.059563468088327,0.010270558490078102,0,4,2023-09-20,0.1675,0,0.1675,0.3832,0.5,0.0321,0.0,0.3519,0
2023-09-21,1173.7127685546875,1186.269851496792,1171.330377450607,1178.7504333612094,12226182,32.679503367433526,-9.820259319973047,1207.3687316894532,-0.007283390526491962,-0.027875463602300976,-0.004273733153299486,0.012754278667902907,-0.35852398955495746,0.01031559879894179,0,4,2023-09-21,0.1675,0,0.1675,0.3832,0.5,0.0321,0.0,0.3519,0
2023-09-22,1168.823974609375,1182.4729522811776,1166.367182863141,1179.2716708437545,19176786,31.376561242556235,-11.922247868764998,1204.27041015625,-0.004165238784385572,-0.02943395042171293,-0.008859448159985295,0.013808489860372308,-0.02218495727073444,0.010226713966829443,0,4,2023-09-22,0.1675,0,0.1675,0.3832,0.5,0.0321,0.0,0.3519,0
2023-09-25,1161.6273193359375,1171.6779308453931,1158.9720452955405,1166.5657437194718,14254884,29.511251513400467,-14.007331079873213,1201.0963989257812,-0.0061571762983752,-0.03286087580076291,-0.004233301389245936,0.010963064727426364,-0.23878278973153355,0.009644743151288646,1,4,2023-09-25,0.1675,0,0.1675,0.3832,0.5,0.0321,0.0,0.3519,1
2023-09-26,1162.644775390625,1166.4664650387544,1159.2201711598177,1160.684310036077,10087782,30.143549457273565,-15.400150992135424,1198.5837524414062,0.0008758885382182946,-0.029984535479958607,0.0016890599257666228,0.006251007409305842,-0.4519923696654272,0.008324701362142169,1,4,2023-09-26,0.1675,0,0.1675,0.3832,0.5,0.0321,0.0,0.3519,1
2023-09-27,1175.747802734375,1177.1872222950064,1160.6595255350553,1163.1411580463557,11722778,37.87259480199527,-15.270635625407522,1197.306951904297,0.011270017825820933,-0.018006367653367827,0.01083844776776166,0.014239918250213757,-0.34709562774583014,0.009163017156550326,0,4,2023-09-27,0.1675,0,0.1675,0.3832,0.5,0.0321,0.0,0.3519,0
2023-09-28,1158.4757080078125,1182.7460248832851,1153.959088482433,1182.7460248832851,14518346,32.731626008063884,-16.372970052735127,1195.2236206054688,-0.014690305766588474,-0.03074563785732476,-0.020520311516470935,0.024946236559139967,-0.19904600587091137,0.009396803426338408,1,4,2023-09-28,0.1675,0,0.1675,0.3832,0.5,0.0321,0.0,0.3519,1
2023-09-29,1163.8856201171875,1175.847137006539,1158.475709840611,1162.2973995824232,12342014,35.67684197663307,-16.618475888181592,1193.685009765625,0.004669853732779838,-0.024964198598999232,0.0013664493573977143,0.014995072420049382,-0.3306772243763716,0.00972141456588954,0,4,2023-09-29,0.1675,0,0.1675,0.3832,0.5,0.0321,0.0,0.3519,0
2023-10-03,1150.5592041015625,1159.2201982891547,1149.492150617653,1156.4158809171215,8859056,31.964239630373285,-17.68451534582414,1191.339874267578,-0.011449936132283511,-0.034230928592973386,-0.005064507425230347,0.008462909178000633,-0.47200270783001863,0.009671180760958187,0,4,2023-10-03,0.1675,0,0.1675,0.3832,0.5,0.0321,0.0,0.3519,0
2023-10-04,1148.5738525390625,1150.981084388904,1139.1189302205564,1146.0178196869251,10286386,31.43934247005089,-18.476574129922028,1188.9438598632812,-0.0017255535877011008,-0.03395451096308355,0.002230360478020943,0.010413446615316069,-0.3968913383560171,0.00968938201534035,0,4,2023-10-04,0.1675,0,0.1675,0.3832,0.5,0.0321,0.0,0.3519,0
2023-10-05,1148.5491943359375,1156.1428927957072,1146.017880733707,1151.1052273242312,10953682,31.43243853642238,-18.88854079315479,1186.2264709472656,-2.1468539502689232e-05,-0.03176229626813232,-0.002220503328123402,0.008834951209939268,-0.11967634653245274,0.007641561336006771,1,4,2023-10-05,0.1675,0,0.1675,0.3832,0.5,0.0321,0.0,0.3519,1
2023-10-06,1150.4847412109375,1153.8597853939605,1147.5316229908371,1150.0132553057874,5431026,32.68206690897729,-18.84165007154911,1183.4793029785155,0.0016852102500659605,-0.02787928921489302,0.000409983017999771,0.005514586505799279,-0.5383065972959569,0.007591872708682348,0,4,2023-10-06,0.1675,0,0.1675,0.3832,0.5,0.0321,0.0,0.3519,0
2023-10-09,1140.6822509765625,1147.4818990309532,1139.0691900320726,1145.5711149238573,7576878,29.72722684994511,-19.37215770070793,1180.1601196289062,-0.008520313119544265,-0.03345128173349665,-0.004267621523976528,0.007385599639161189,-0.28542151925169734,0.007852190472583054,1,4,2023-10-09,0.1675,0,0.1675,0.3832,0.5,0.0321,0.0,0.3519,1
2023-10-10,1145.719970703125,1150.435072150941,1143.4121010954177,1144.8018394410435,10236032,33.076021236754244,-19.165162871283655,1176.6907958984375,0.004416409321920778,-0.026320274878724903,0.0008020001632158547,0.006142117132392766,0.003395024877962838,0.008001485495325398,1,4,2023-10-10,0.1675,0,0.1675,0.3832,0.5,0.0321,0.0,0.3519,1
2023-10-11,1163.910400390625,1166.2182699823193,1148.0031129607796,1148.722762099973,9814118,43.538761223448866,-17.33349261251783,1173.4758422851562,0.015876854862132417,-0.008151375213574119,0.013221326147387913,0.01586681849194771,-0.03537571084406699,0.009692445920603253,1,0,2023-10-11,0.1675,0,0.1675,0.3832,0.5,0.0321,0.0,0.3519,1
2023-10-12,1166.0693359375,1171.0078811502246,1160.485663265934,1163.3148210249558,12554450,44.644882782650015,-15.528667863449073,1171.2560180664063,0.0018548984063984086,-0.004428307772940121,0.002367815541211238,0.009067081324105608,0.22396477291636385,0.008918764762952973,0,0,2023-10-12,0.1675,0,0.1675,0.3832,0.5,0.0321,0.0,0.3519,0
2023-10-13,1166.019775390625,1170.0896281233202,1156.0187245288932,1161.4039150831682,10150316,44.623270783048426,-13.94162005109797,1168.73095703125,-4.250222979673701e-05,-0.0023197654039316395,0.003974379841078957,0.012171864776810759,0.03359540763112623,0.007466937993614223,0,0,2023-10-13,0.1675,0,0.1675,0.3832,0.5,0.0321,0.0,0.3519,0
2023-10-16,1163.4140625,1168.6254903286665,1159.418610263332,1163.885548402189,5929036,43.43280665526572,-12.747190798495469,1166.019775390625,-0.002234707288520932,-0.002234707288520932,-0.0004050964485607933,0.007940945559984813,-0.35407204498742684,0.007375090733844344,1,0,2023-10-16,0.1675,0,0.1675,0.3832,0.5,0.0321,0.0,0.3519,1
2023-10-17,1168.972900390625,1171.18152891328,1162.0491704758838,1169.3451452373686,7928180,46.6996414673787,-11.22267721274875,1163.4736206054688,0.00477803910903396,0.004726604615491237,-0.0003183361629880421,0.00785883994362857,-0.12743001042569801,0.006284411611760074,0,0,2023-10-17,0.1675,0,0.1675,0.3832,0.5,0.0321,0.0,0.3519,0
2023-10-18,1153.4627685546875,1174.8048077319042,1151.9737890772074,1168.9729714451066,8918320,39.7941046514585,-11.137639453417933,1160.6830261230468,-0.013268170571580029,-0.006220697129066033,-0.013268230548774018,0.019819043515725943,-0.0034510109156303814,0.007833537706634352,0,0,2023-10-18,0.1675,0,0.1675,0.3832,0.5,0.0321,0.0,0.3519,0
2023-10-19,1144.603271484375,1152.37085365543,1142.0472385636656,1147.5068298823098,12032556,36.47614503775633,-11.650830269198876,1158.7969848632813,-0.007680782866891889,-0.012248662677165068,-0.0025303190554714083,0.009039569242992318,0.3285232238800908,0.008248480013792282,0,4,2023-10-19,0.1675,0,0.1675,0.3832,0.5,0.0321,0.0,0.3519,0
2023-10-20,1141.104248046875,1148.846868358942,1139.7145096810816,1141.5508934053469,8913312,35.22689550713939,-12.199254227925394,1157.1665588378903,-0.003056974870395357,-0.013880725007423544,-0.0003912618885869579,0.00801284760375287,-0.052311650264140974,0.008257116269216656,0,4,2023-10-20,0.1675,0,0.1675,0.3832,0.5,0.0321,0.0,0.3519,0
2023-10-23,1123.2860107421875,1144.6528889030683,1119.340239652529,1136.5875839948085,7853962,29.656751647533227,-13.911306126128466,1154.8896606445312,-0.015614907520662857,-0.02736508168642371,-0.011703078090884445,0.022613900897904937,-0.16739759136943955,0.009241445403550588,0,4,2023-10-23,0.1675,0,0.1675,0.3832,0.5,0.0321,0.0,0.3519,0
2023-10-25,1120.680419921875,1132.2200112886635,1113.2603628260954,1116.7594889591046,11620688,28.93620876925975,-15.301977324048949,1152.842315673828,-0.0023196147689855673,-0.02789791397720731,0.003510989610148618,0.01703074060270815,0.2140934573869755,0.009004981446976671,0,4,2023-10-25,0.1675,0,0.1675,0.3832,0.5,0.0321,0.0,0.3519,0
2023-10-26,1105.07080078125,1120.7050833883056,1101.993601137725,1117.2307983645155,15222534,25.015097047800936,-17.462364805728384,1149.9636169433593,-0.013928698015187257,-0.039038466522476445,-0.01088405153265215,0.016979665064536187,0.5053430684271014,0.007098522754340544,1,2,2023-10-26,0.1675,0,0.1675,0.3832,0.5,0.0321,0.0,0.3519,1
2023-10-27,1124.5765380859375,1128.3982276638756,1109.761144511754,1111.7712909465938,11771084,36.580148195407375,-17.399961539938204,1147.4050537109374,0.0176511199924001,-0.019895777477332843,0.011517878941127213,0.016793778773288137,0.17311993300218442,0.009996744115717332,1,4,2023-10-27,0.1675,0,0.1675,0.3832,0.5,0.0321,0.0,0.3519,1
2023-10-30,1147.7550048828125,1153.9590859902871,1126.6362885582769,1128.6464350717906,16813304,47.03403173156825,-15.303785430067592,1146.8690185546875,0.020610839735573316,0.0007725261680200379,0.016930518909410663,0.02425165753090952,0.5712931199221973,0.012601141024583793,0,0,2023-10-30,0.1675,0,0.1675,0.3832,0.5,0.0321,0.0,0.3519,0
2023-10-31,1135.5452880859375,1155.448028104718,1133.0636557231696,1155.448028104718,12808438,43.0119818072029,-14.46107459923519,1145.452001953125,-0.01063791204998632,-0.008648737660151173,-0.01722512785921415,0.019755617672920334,0.12470763474924973,0.012930978016209798,1,0,2023-10-31,0.1675,0,0.1675,0.3832,0.5,0.0321,0.0,0.3519,1
2023-11-01,1140.2603759765625,1150.236586425296,1129.2419526519689,1136.1656826268284,10309190,44.96907256706253,-13.259900132530674,1144.937060546875,0.0041522675846532575,-0.004084665202538473,0.0036039579546771616,0.018591794011923124,-0.11329007546210512,0.012894129748144816,0,0,2023-11-01,0.1675,0,0.1675,0.3832,0.5,0.0321,0.0,0.3519,1
2023-11-02,1151.57666015625,1153.6116471680004,1145.4966608528323,1148.4746196953226,10562104,49.455494358336885,-11.2649755288121,1145.0872009277343,0.009924298360359796,0.005667218377131356,0.002701009153994516,0.0070842513928643935,-0.10420173592154336,0.012809458231089855,0,0,2023-11-02,0.1675,0,0.1675,0.3832,0.5,0.0321,0.0,0.3519,0
2023-11-03,1151.3284912109375,1158.897469898072,1149.3680258840427,1155.0509397455935,8850156,49.36045561123855,-9.593421575339107,1145.2261657714844,-0.00021550362550659674,0.00532848936030228,-0.00322275702877306,0.008291029330400601,-0.2285749759432949,0.0125324611969475,1,0,2023-11-03,0.1675,0,0.1675,0.3832,0.5,0.0321,0.0,0.3519,1
2023-11-06,1160.9075927734375,1161.4039192346488,1154.256866662586,1157.5822297180116,10647304,53.10640343531845,-7.4103279364319405,1145.7473083496093,0.00832004213882076,0.013231787073247236,0.0028726797717306685,0.006191908212535013,-0.0857447190492251,0.012673505950026838,1,0,2023-11-06,0.1675,0,0.1675,0.3832,0.5,0.0321,0.0,0.3519,0
2023-11-07,1153.3634033203125,1160.9572220726066,1151.2540159543112,1158.4507493206686,6960204,49.97121033748693,-6.217294438546787,1146.381365966797,-0.006498527100767593,0.006090501434160345,-0.004391508230573771,0.00842837982219935,-0.39772390960633874,0.011561148351190464,1,0,2023-11-07,0.1675,0,0.1675,0.3832,0.5,0.0321,0.0,0.3519,1
2023-11-08,1159.3690185546875,1161.9003321646271,1152.3460470752768,1157.4333936812943,7884494,52.381254261756794,-4.732648808247177,1147.063818359375,0.005207045079708594,0.010727563713858856,0.0016723423429463313,0.008291159685581917,-0.2949496771905258,0.011442014504267272,0,0,2023-11-08,0.1675,0,0.1675,0.3832,0.5,0.0321,0.0,0.3519,0
2023-11-09,1146.787109375,1159.3689122452763,1143.6353879313751,1159.344192861405,14513610,47.246194310961705,-4.519216652879322,1146.2076538085937,-0.010852376575814171,0.0005055415259886953,-0.01083119539798838,0.013757465429921956,0.306121726832554,0.010953525249878922,1,0,2023-11-09,0.1675,0,0.1675,0.3832,0.5,0.0321,0.0,0.3519,1
2023-11-10,1148.9461669921875,1149.6659373563402,1140.5831381668131,1144.3055869187945,7734954,48.18489763337815,-4.128264166785357,1145.351495361328,0.0018827013309943297,0.003138487744083651,0.004055367837439761,0.007963294288328093,-0.2776725299461381,0.009807635755296319,0,0,2023-11-10,0.1675,0,0.1675,0.3832,0.5,0.0321,0.0,0.3519,0
2023-11-13,1148.79736328125,1153.7606282722284,1147.3579437297892,1152.9167762849927,3854810,48.12134310311739,-3.786786997450008,1144.4903747558594,-0.00012951321411958094,0.003763237000843578,-0.00357303587602964,0.005580372347992357,-0.5904595816060607,0.007368962669401118,1,0,2023-11-13,0.1675,0,0.1675,0.3832,0.5,0.0321,0.0,0.3519,1
2023-11-15,1169.5684814453125,1172.2982770196893,1154.9516911953865,1161.4039352802763,12220648,56.70552394787061,-1.8191383417499765,1144.798095703125,0.018080750207099205,0.021637340099673885,0.007029893663194731,0.015019317220401618,0.30649754343376845,0.008255415185003473,1,3,2023-11-15,0.1675,0,0.1675,0.3832,0.5,0.0321,0.0,0.3519,1
2023-11-16,1171.6778564453125,1178.353423134986,1164.8533675821152,1166.9131951067154,13134910,57.475066047138704,-0.0885331175772989,1144.9333435058593,0.0018035497993185157,0.023359013073686707,0.0040831326259545,0.011589489225491967,0.3630629553437177,0.008251993250553894,0,3,2023-11-16,0.1675,0,0.1675,0.3832,0.5,0.0321,0.0,0.3519,0
2023-11-17,1169.121826171875,1177.9067803474445,1167.384683548377,1167.8064883385834,7758634,56.17214591993758,1.0644632398627891,1145.7162963867188,-0.002181512827418408,0.020428730793976557,0.0011263320134167198,0.00901339288355607,-0.17072927662762238,0.007965949225828649,0,3,2023-11-17,0.1675,0,0.1675,0.3832,0.5,0.0321,0.0,0.3519,0
2023-11-20,1166.0445556640625,1170.5362129509904,1159.61703140789,1165.6474702823514,4490186,54.56829835252012,1.7101970607111523,1146.7883605957031,-0.00263212134007329,0.0167914113275065,0.0003406564950678703,0.009416196250449538,-0.49661453102213715,0.008061265222254968,1,3,2023-11-20,0.1675,0,0.1675,0.3832,0.5,0.0321,0.0,0.3519,1
2023-11-21,1180.7109375,1185.227556641674,1171.4296571663483,1174.3083747965666,8214450,60.37527794313312,3.366592228508125,1148.7686950683594,0.012577891440507694,0.027805634475215113,0.005452198792793794,0.011778683756993535,-0.05327377144971179,0.00856966780482414,1,3,2023-11-21,0.1675,0,0.1675,0.3832,0.5,0.0321,0.0,0.3519,1
2023-11-22,1185.3267822265625,1188.4288224829827,1177.3855591701267,1178.7752974396924,8534814,62.02060494755196,4.994187540684607,1151.8707336425782,0.0039093774606135945,0.029044967987150505,0.00555787417763165,0.009379479157736403,-0.033884071032971974,0.008077741012131812,1,3,2023-11-22,0.1675,0,0.1675,0.3832,0.5,0.0321,0.0,0.3519,1
2023-11-23,1188.9500732421875,1191.1835423841578,1185.3268657327444,1185.3268657327444,8531542,63.30852205470613,6.5014926948820175,1155.2842163085938,0.0030567865924862048,0.02914075727716936,0.003056715927216569,0.004940980265214057,-0.04127652006677096,0.008034060021912605,0,3,2023-11-23,0.1675,0,0.1675,0.3832,0.5,0.0321,0.0,0.3519,0
2023-11-24,1188.1558837890625,1192.474021001291,1186.7414260587238,1187.0144298509326,6749486,62.80578017410431,7.544984552253027,1159.4384704589845,-0.0006679754440481744,0.02476838060989106,0.0009616175755109424,0.004830534113573259,-0.16903255983291932,0.006677016222797092,1,3,2023-11-24,0.1675,0,0.1675,0.3832,0.5,0.0321,0.0,0.3519,1
2023-11-28,1188.404052734375,1191.034607263244,1178.899449291774,1188.155889499075,13792174,62.904910678192465,8.296349375719501,1162.6298461914062,0.00020886901180094952,0.022168884299161196,0.00020886420501997627,0.010293632742605974,0.5801916402729947,0.006744651724150638,1,3,2023-11-28,0.1675,0,0.1675,0.3832,0.5,0.0321,0.0,0.3519,1
2023-11-29,1191.5308837890625,1197.1145563492605,1190.2156671664848,1195.1540911072586,12531306,64.19958802855768,9.039914043758472,1164.8186401367188,0.0026311177982716316,0.0229325345010003,-0.003031581739254552,0.005796335381132778,0.3059136717412747,0.006639696599902107,0,3,2023-11-29,0.1675,0,0.1675,0.3832,0.5,0.0321,0.0,0.3519,0
2023-11-30,1179.9913330078125,1191.530923348677,1176.2440439527552,1188.5529645510346,28439984,56.37912242598916,8.598926025697892,1167.0409423828123,-0.00968464262088975,0.01109677488996974,-0.007203407671829032,0.012996350098021026,1.5352666576963583,0.005684646241794004,1,0,2023-11-30,0.1675,0,0.1675,0.3832,0.5,0.0321,0.0,0.3519,1
2023-12-01,1188.3544921875,1189.3967050711567,1180.0658643673892,1180.2643464861462,14342842,60.1663118811836,8.822575734990778,1169.4456481933594,0.007087475090490347,0.01616906610696467,0.006854520112752338,0.007907050771924107,0.2649635423137038,0.0060137872472810685,1,3,2023-12-01,0.1675,0,0.1675,0.3832,0.5,0.0321,0.0,0.3519,1
2023-12-04,1201.2093505859375,1215.9999042684665,1190.4887710727894,1215.9999042684665,15590990,65.17168759052711,9.922716482203896,1171.9272827148438,0.010817360041088797,0.024986249832207985,-0.012163285235969545,0.02142912542777542,0.2861966925741435,0.006529075817871973,1,3,2023-12-04,0.1675,0,0.1675,0.3832,0.5,0.0321,0.0,0.3519,1
2023-12-05,1209.919921875,1211.458582489934,1201.929016778731,1210.5403299982054,12693624,68.09705836368032,11.366431113681074,1174.8568542480468,0.007251501401328131,0.02984454446528706,-0.0005125051250512991,0.007928559489097875,-0.019200654680934348,0.006373332717754681,1,3,2023-12-05,0.1675,0,0.1675,0.3832,0.5,0.0321,0.0,0.3519,1
2023-12-06,1221.5091552734375,1227.3905513904704,1208.5549856031337,1214.560584514323,16422442,71.52409519790847,13.292511838347082,1177.8869323730469,0.009578512750230361,0.037034304143697794,0.005721057350048131,0.015585195553131426,0.1932381734911437,0.005967758661570091,0,3,2023-12-06,0.1675,0,0.1675,0.3832,0.5,0.0321,0.0,0.3519,0
2023-12-07,1219.4989013671875,1221.4345260102064,1212.0291642243994,1220.9630401277734,8142096,70.11709916745133,14.48970569177959,1181.1937072753906,-0.0016457133354845777,0.03242922295967343,-0.001199167143038693,0.007760012764895352,-0.40671054489110137,0.006172073676283055,0,3,2023-12-07,0.1675,0,0.1675,0.3832,0.5,0.0321,0.0,0.3519,0
2023-12-08,1218.8536376953125,1229.2516522307412,1213.5181285411948,1222.8739302715144,10204894,69.64352042527966,15.211079207774674,1184.167938232422,-0.0005291219788321477,0.02929119962043969,-0.0032875773018640198,0.012965215203220914,-0.26535844063110925,0.006263082892691055,1,3,2023-12-08,0.1675,0,0.1675,0.3832,0.5,0.0321,0.0,0.3519,1
2023-12-11,1220.6405029296875,1224.7351961410227,1217.1909371644088,1218.9777608532804,7066138,70.24289484803428,15.745454212418736,1187.8606079101562,0.00146602116867256,0.027595742127691336,0.0013640462769748396,0.006198090000726797,-0.4924717271835266,0.006178756550844985,0,3,2023-12-11,0.1675,0,0.1675,0.3832,0.5,0.0321,0.0,0.3519,0
2023-12-12,1203.1201171875,1223.4198198791,1201.184371389843,1220.9630282642331,9197124,58.12455818343669,14.587051103148724,1190.569305419922,-0.014353436331283831,0.010541857337025062,-0.014613801289379946,0.018511270225343823,-0.31686655063631497,0.008216037408449318,1,0,2023-12-12,0.1675,0,0.1675,0.3832,0.5,0.0321,0.0,0.3519,1
2023-12-13,1208.03369140625,1210.2176004047435,1194.3103140708777,1202.102614795848,10031182,60.198418408372504,13.90520215347101,1193.5311218261718,0.0040840263150419,0.012150977309991262,0.004933918733226683,0.013319223778320177,-0.240817218531298,0.00825569137032284,1,0,2023-12-13,0.1675,0,0.1675,0.3832,0.5,0.0321,0.0,0.3519,1
2023-12-14,1223.0228271484375,1228.3831772791464,1212.3518080035872,1217.9851619285064,16972354,65.76792873189186,14.408240703345427,1196.203839111328,0.012407878893459401,0.02242008189593636,0.004136064524755456,0.013223364018368988,0.40658341897495154,0.007906298825371609,1,3,2023-12-14,0.1675,0,0.1675,0.3832,0.5,0.0321,0.0,0.3519,1
2023-12-15,1238.63232421875,1240.8161121066785,1225.9511593183302,1229.8969303201395,15932152,70.41135692281134,15.88336479557006,1199.5515625,0.012763046382958443,0.03257947631471647,0.00710254142705824,0.012125240614490496,0.3032115793710284,0.008373085484335062,1,3,2023-12-15,0.1675,0,0.1675,0.3832,0.5,0.0321,0.0,0.3519,1
2023-12-18,1251.239013671875,1258.1379030406688,1236.3243792186838,1238.6323699765337,14165188,73.53379642366173,17.863743629949113,1203.657421875,0.010177910915635469,0.03953084235774895,0.010177873597458253,0.017643851555989132,0.17235098582194985,0.008319065569149785,1,3,2023-12-18,0.1675,0,0.1675,0.3832,0.5,0.0321,0.0,0.3519,1
2023-12-19,1269.6527099609375,1277.4945707453207,1253.3234974409622,1268.1140495332209,16820604,77.30160430604433,20.680645912080763,1208.8378295898438,0.01471637000434134,0.05030855163734249,0.0012133454623288742,0.01928558217707632,0.3461418263626792,0.008942812523895127,1,1,2023-12-19,0.1675,0,0.1675,0.3832,0.5,0.0321,0.0,0.3519,0
2023-12-20,1254.2913818359375,1289.8780864366483,1250.742696068458,1276.080186427869,17736722,68.5358842709421,21.426538665464932,1212.5168518066407,-0.012098842466514048,0.03445274180482771,-0.017074792653058002,0.031289721292162787,0.40468354827564457,0.010211084476038815,1,3,2023-12-20,0.1675,0,0.1675,0.3832,0.5,0.0321,0.0,0.3519,1
2023-12-21,1271.8614501953125,1277.2962009364337,1249.8741628164655,1254.2170195322976,13765454,72.392103962037,23.16835139076784,1216.8435852050782,0.014007963870131368,0.045213588384872105,0.014068084221656063,0.02193983917402975,0.04369284122049977,0.010661011047291592,1,1,2023-12-21,0.1675,0,0.1675,0.3832,0.5,0.0321,0.0,0.3519,1
2023-12-22,1273.102294921875,1280.9689971307214,1264.4661412408368,1270.3973397701047,16541784,72.64706792198486,24.36797744842852,1221.0511962890623,0.0009756131270208801,0.04262810502213421,0.002129219785881986,0.013051243802930212,0.1966967612847874,0.010596261968523476,1,1,2023-12-22,0.1675,0,0.1675,0.3832,0.5,0.0321,0.0,0.3519,1
2023-12-26,1279.554443359375,1286.453332624264,1271.935783794956,1274.5663382448713,7465664,73.99206973883578,25.54485896498977,1225.621124267578,0.0050680518472365765,0.044004887011087845,0.00391357041593654,0.011413743535065413,-0.4614614853188487,0.010545994139240287,1,1,2023-12-26,0.1675,0,0.1675,0.3832,0.5,0.0321,0.0,0.3519,1
2023-12-27,1283.9222412109375,1290.3992050276352,1277.0977519092014,1281.5150092423955,9204156,74.89213026286521,26.524235948004616,1230.3970336914062,0.003413530291134226,0.04350238667184225,0.0018784266677962513,0.010415375877491417,-0.33608838040192657,0.008201334452289695,1,1,2023-12-27,0.1675,0,0.1675,0.3832,0.5,0.0321,0.0,0.3519,1
2023-12-28,1293.2034912109375,1296.4047727896043,1283.922210219302,1285.38634910855,12302636,76.73461850331728,27.72966821734076,1235.4806640625,0.007228825626734547,0.0467209474235184,0.006081550584233986,0.009722210949345778,-0.12689497535227456,0.008156374488159934,0,1,2023-12-28,0.1675,0,0.1675,0.3832,0.5,0.0321,0.0,0.3519,0
2023-12-29,1282.97900390625,1297.3973111899322,1280.1748079960485,1295.958012986606,10864584,70.58918169072678,27.542458977075512,1240.6300476074218,-0.007906325163964278,0.03413503999882872,-0.010014991959843789,0.01345324332763842,-0.1940156445142478,0.009098118849639526,1,3,2023-12-29,0.1675,0,0.1675,0.3832,0.5,0.0321,0.0,0.3519,0
