Unnamed: 0,Close,High,Low,Open,Volume,RSI,MACD,MA_20
2023-01-02,1175.8896484375,1177.3048023328713,1163.244668797144,1164.066351583663,5316175,,,
2023-01-03,1167.28466796875,1174.565828259546,1163.0621480210025,1170.9366586985077,7658932,,,
2023-01-04,1149.7095947265625,1169.1107276232435,1147.6325061253483,1167.26185070999,9264891,,,
2023-01-05,1147.6553955078125,1157.858149023016,1143.0676158255733,1151.969321148222,13637099,,,
2023-01-06,1158.0863037109375,1163.1306272948216,1149.5955006159752,1153.4072395784428,6349597,,,
2023-01-09,1185.4302978515625,1187.8041821914996,1161.0306065888913,1161.9207528429104,10722753,,,
2023-01-10,1167.9010009765625,1189.6302560157692,1162.240505708343,1189.6302560157692,8047142,,,
2023-01-11,1153.178955078125,1167.7183330231771,1150.873534164056,1165.207642347734,11509553,,,
2023-01-12,1128.2769775390625,1156.077627831873,1125.2641003718309,1152.5855061360771,17688773,,,
2023-01-13,1126.451171875,1128.8705782042637,1111.386784310048,1122.2513519945564,20618583,,,
2023-01-16,1115.723388671875,1131.951774613395,1107.917221092014,1128.7791493112115,13623855,,,
2023-01-17,1131.563720703125,1133.4809401269406,1118.6905304756872,1122.0685460066525,10751000,,,
2023-01-18,1129.6922607421875,1137.1788121810373,1123.1416187933949,1129.144552646858,13448286,,,
2023-01-19,1128.4825439453125,1132.6366004638107,1121.4524163802744,1128.8705038207283,11940054,35.40907151963643,,
2023-01-20,1115.0615234375,1129.8291140692525,1112.596474928504,1129.8291140692525,14930286,30.791369553152663,,
2023-01-23,1109.4237060546875,1125.811961602633,1107.004299933337,1117.960272105855,10954118,29.076005702779554,,
2023-01-24,1102.873046875,1115.51790607312,1089.8171651533376,1113.851719292168,16488755,27.18124130058068,,
2023-01-25,1087.6259765625,1102.302402806859,1086.461976225218,1101.2753294802071,12385018,23.364724201365107,,
2023-01-27,1066.9923095703125,1089.817098907081,1055.260297818003,1088.470529311336,25830975,19.395742977531583,,
2023-01-30,1077.218017578125,1082.764407064242,1050.3987961919847,1064.4132886312711,21772103,26.095950793195698,,1131.226025390625
2023-01-31,1074.5245361328125,1089.9541811505658,1068.6585300710096,1087.3749062182635,22691594,25.494794911276315,,1126.1577697753905
2023-02-01,1068.156494140625,1086.43914786492,1052.2246622437708,1086.43914786492,19347800,24.08229489986533,,1121.2013610839845
2023-02-02,1062.2447509765625,1071.85391093282,1054.963591472129,1058.1590377354637,13662663,22.81838486816106,,1116.8281188964843
2023-02-03,1063.1806640625,1072.3105805967243,1046.7467660021257,1072.3105805967243,24699575,23.502876339853884,,1112.6043823242187
2023-02-06,1055.1690673828125,1059.528634971871,1052.5899131464937,1056.7896118119152,14837879,21.726586167905452,,1107.4585205078124
2023-02-07,1052.635498046875,1062.4501695052957,1046.7466710224398,1055.4201633910932,15135435,21.181398617111284,-27.16163600528057,1100.818780517578
2023-02-08,1073.6572265625,1077.2863960062462,1053.137736379797,1055.8766387784026,21160332,35.61730079871782,-25.500618484462166,1096.106591796875
2023-02-09,1075.52880859375,1082.284961068636,1065.463103759131,1074.341987106508,13172763,36.72839073558007,-23.759346151020736,1092.2240844726562
2023-02-10,1066.6729736328125,1075.00402903085,1059.6656668626474,1075.00402903085,10790445,33.75958070432779,-22.830788038786523,1089.1438842773437
2023-02-13,1060.6014404296875,1072.7670546240695,1056.127767130611,1068.293381324993,10352493,31.85825699662537,-22.327444154649584,1085.8513977050782
2023-02-14,1085.5946044921875,1087.329254712915,1060.738368480938,1063.6143185684562,14321920,45.472215458824394,-19.684885925287062,1084.3449584960938
2023-02-15,1110.1768798828125,1112.5735854842064,1083.2664969637603,1084.6358877756606,33503591,54.99596851279859,-15.429197128383066,1083.275616455078
2023-02-16,1109.3096923828125,1124.716518210531,1107.027213083921,1118.165755531408,17264487,54.63345470785303,-11.988314058120523,1082.2564880371094
2023-02-17,1113.9429931640625,1117.2754874405753,1100.4306882070916,1104.7217922905263,11809520,56.29122553647065,-8.786238495642692,1081.5295104980469
2023-02-20,1102.1654052734375,1118.3025060122343,1100.202422672568,1116.1341329085612,8836937,51.1723487228466,-7.116884442291166,1080.8847045898438
2023-02-21,1111.158447265625,1116.9558691842672,1101.22954869757,1106.547846833629,13311592,54.56951131826786,-5.0104882080399875,1080.9714416503907
2023-02-22,1085.9598388671875,1109.2868172204337,1084.2023673241313,1107.4380609994969,11024335,45.10082723940682,-5.313223586686718,1080.12578125
2023-02-23,1080.7557373046875,1093.1953270218976,1077.9483712962124,1085.5490279902117,9851910,43.42498501429045,-5.905001873100218,1079.7822692871093
2023-02-24,1088.1510009765625,1093.8344379808216,1080.9840672539892,1082.810002251087,9434053,46.46899850206844,-5.7114167974843895,1080.8402038574218
2023-02-27,1080.91552734375,1090.8672478016565,1073.543202799622,1087.3750050988056,11199715,43.97592619058668,-6.07184898761102,1081.025079345703
2023-02-28,1060.2362060546875,1080.5274845520237,1056.1734344203933,1075.5516247048563,21994038,37.74336958753265,-7.93467648740625,1080.3106628417968
2023-03-01,1069.9822998046875,1070.712697848546,1060.5555887311154,1070.0279421357468,11551145,41.92117353629413,-8.526266890523175,1080.401953125
2023-03-02,1061.833984375,1073.5203549354069,1059.802538079039,1066.8326656493814,9333535,39.532594097157734,-9.542606278917447,1080.381414794922
2023-03-03,1088.927001953125,1092.6018137297042,1068.909698230002,1072.3789987479977,14643807,49.778888060240064,-8.068869568106038,1081.6687316894531
2023-03-06,1099.5633544921875,1106.8216933590495,1095.5918675399987,1095.5918675399987,10171916,53.13628157403376,-5.973795651184901,1083.888446044922
2023-03-08,1103.5120849609375,1104.265304210858,1088.7443751303776,1099.5632986303583,15782657,54.35624480384085,-3.9492800874154455,1086.432275390625
2023-03-09,1076.9896240234375,1103.3066574341256,1075.095225544964,1102.8958764013148,16235128,45.742852121849154,-4.433866998708254,1086.598895263672
2023-03-10,1060.3048095703125,1070.0281981219273,1056.8125666742676,1068.887018825526,13334091,41.30825752747295,-6.093983059386801,1085.8376953125
2023-03-13,1042.866455078125,1070.027990166369,1038.5297089513683,1063.1805534779228,12771592,37.244214422771975,-8.716290495940257,1084.6473693847656
2023-03-14,1038.9635009765625,1052.2018311560978,1035.8136967949142,1040.812257084253,16027522,36.381485257055395,-10.982820689422397,1083.5654724121093
2023-03-15,1021.205810546875,1049.1662111592916,1016.800600298463,1042.6840329673732,21728555,32.673108604040294,-14.049999756320176,1080.3460327148437
2023-03-16,1016.1157836914062,1028.943333036388,1005.2968594074098,1023.921951504309,18363159,31.676423805279583,-16.69898834983792,1075.6429779052735
2023-03-17,1014.837646484375,1028.007512952856,1010.0900587449328,1024.720781814394,34014213,31.417257973769694,-18.686064565265042,1070.9193756103516
2023-03-20,1004.8632202148438,1013.422547157944,995.1626537042278,1011.140068022912,19524589,29.395985971683615,-20.825624783294188,1065.4653869628905
2023-03-21,1036.1102294921875,1038.0732119172071,1012.0528577510236,1012.943003930346,21400360,41.98762686223625,-19.771950427337515,1062.1626281738281
2023-03-22,1039.2601318359375,1046.0391051865406,1036.247254791225,1043.0946916431246,10920094,43.089467790397066,-18.469826452344932,1058.5677124023437
2023-03-23,1026.1131591796875,1036.2016854580306,1023.9447859117854,1035.3343603002547,16249370,39.70021127184473,-18.287922849617416,1055.5753784179688
2023-03-24,1005.7989501953124,1027.117362031003,1003.3795441878092,1024.9489888672188,12375945,35.10541498995798,-19.557503104358148,1051.8275390625
2023-03-27,1021.4338989257812,1028.9432703448797,1004.3838307288752,1012.28122236079,14054323,40.78583300410347,-19.082078583512384,1048.491683959961
2023-03-28,1026.2044677734375,1030.0846702786253,1021.1829653124684,1024.8349561252708,12576424,42.441376611886405,-18.111577200888405,1045.7561309814453
2023-03-29,1020.133056640625,1024.7436572444662,1009.359714078918,1022.0959186617868,18804065,40.87506691929254,-17.62914222280756,1043.7509735107421
2023-03-31,1064.116455078125,1069.7770709600843,1029.2629756900762,1029.3999027039445,28171201,54.092701320146375,-13.541617025902951,1043.457681274414
2023-04-03,1064.299072265625,1072.3106311531849,1056.7896998650788,1070.4846960590223,10293043,54.13854383808086,-10.170251844984477,1043.5809356689454
2023-04-05,1061.74267578125,1071.8540232011114,1053.8453439607506,1071.8540232011114,16262928,53.33561823999516,-7.6168976268365896,1042.2217193603515
2023-04-06,1068.864013671875,1074.5930932267388,1058.2276581630158,1058.2276581630158,18435046,55.32339216218943,-4.961520243829227,1040.686752319336
2023-04-10,1061.2861328125,1072.9496819536614,1059.779694186431,1072.7671126043012,12961408,52.74848075112277,-3.429058143430666,1038.575454711914
2023-04-11,1066.535888671875,1068.6586196822263,1060.9210357303307,1065.4631729553812,10542367,54.33417981713826,-1.7705496697960825,1038.052767944336
2023-04-12,1071.23779296875,1080.8925957399235,1063.6599579243734,1066.535787256919,18179087,55.765974736383654,-0.07589055514858956,1038.599417114258
2023-04-13,1075.27783203125,1079.9797173840186,1069.1151503508545,1074.1365320735108,12378208,57.01313367597044,1.5749809904316407,1040.219985961914
2023-04-17,1080.73291015625,1106.9814803229494,1072.333391852291,1106.9814803229494,17929479,58.70611130391109,3.285613294057839,1042.3084564208984
2023-04-18,1068.36181640625,1085.0923881243807,1061.8110548039576,1085.0923881243807,10405576,53.55493152448655,3.6015415143456266,1044.6662567138671
2023-04-19,1073.6800537109375,1076.3733137885806,1064.64142217666,1067.768405195298,12273475,55.36799932879658,4.232267266633471,1047.5444702148438
2023-04-20,1070.9638671875,1076.8755157885284,1064.595795217696,1074.638679040759,7007330,54.20418468823339,4.461518805540436,1050.35078125
2023-04-21,1072.310546875,1077.7884724738817,1066.558646510675,1073.0637661728558,7647317,54.71245317543452,4.6977157549058575,1053.7231475830079
2023-04-24,1076.4190673828125,1086.8727319946267,1071.8539885727766,1084.1794719407253,12936186,56.305752904091655,5.15698034828074,1055.738589477539
2023-04-25,1084.65869140625,1086.735779878646,1072.9952636709509,1080.0709122812248,9236126,59.391380641196626,6.115325973469453,1058.0085174560547
2023-04-26,1078.2906494140625,1089.2466212621475,1074.6158376300252,1086.0054116702795,8617834,56.094359945935814,6.288484284727929,1060.6173919677735
2023-04-27,1085.115234375,1088.2878596252956,1079.1579437194785,1084.1794457664448,9167125,58.73800693918972,6.896897325649434,1064.5832061767578
2023-04-28,1104.949951171875,1106.5021527689444,1087.2607695641375,1087.3748753991613,15565210,65.2811057410334,8.877233699618955,1068.7590087890626
2023-05-02,1114.3310546875,1116.4994278601828,1108.4194062766874,1112.1170391794085,12981805,67.8757558559337,11.075964373352917,1073.1653381347655
2023-05-03,1104.7674560546875,1116.1342091904096,1101.549188303151,1116.1342091904096,7061872,62.72900207757657,11.90948664134362,1077.3970581054687
2023-05-04,1117.503662109375,1119.717677582049,1102.2567073883076,1105.2467632974383,8635233,66.38461513492578,13.442804153204861,1080.0664184570312
2023-05-05,1114.650634765625,1123.5979821409155,1112.0258380416835,1114.3083172243437,8746585,64.85017174713803,14.263335017945792,1082.5839965820312
2023-05-08,1128.4140625,1133.7778823916174,1115.746261129747,1118.4167001177036,9153782,68.61860656963891,15.84159320681897,1085.9175659179687
2023-05-09,1131.9061279296875,1135.2158009724574,1124.4652198090143,1129.8290394334551,6464721,69.51172909830088,17.17615862318371,1089.0696716308594
2023-05-10,1139.6895751953125,1141.173192717246,1132.659447469911,1136.6766978121202,10872255,71.46133475537917,18.646920385135445,1092.98984375
2023-05-11,1132.24853515625,1145.5781493917782,1130.5365853892238,1140.762158669685,10557860,67.04724407933857,18.993138852094035,1096.2754760742187
2023-05-12,1134.097412109375,1135.4897449397138,1121.3839680276494,1127.4553650769165,6955341,67.58304249998173,19.195435369737197,1099.41845703125
2023-05-15,1136.334228515625,1143.318592964205,1128.9846046154787,1136.631024460071,6833343,68.25553085805917,19.31361388896198,1102.4712768554687
2023-05-16,1120.1514892578125,1141.0589403639667,1118.485181669263,1138.5026071786638,8717229,58.758467043534054,17.895174965919978,1104.442205810547
2023-05-17,1113.5321044921875,1125.2639949628326,1108.8302198375738,1124.3510275803587,8798967,55.36504823328493,16.05188671196629,1106.7007202148438
2023-05-18,1111.1357421875,1121.6123498838558,1107.9858169299096,1118.21139175125,10525531,54.14591206350293,14.233624714198868,1108.573504638672
2023-05-19,1114.741943359375,1116.5679991928369,1104.1968724046772,1111.1357155261294,8050447,55.72588123663277,12.934528089041123,1110.7624084472657
2023-05-22,1120.69921875,1125.7207212869755,1110.3596592183865,1111.5693019532655,7434906,58.28308396668026,12.244539561015472,1113.1818420410157
2023-05-23,1120.4937744140625,1126.6336347127256,1119.0786204739588,1123.2784399572938,6092034,58.15832886016563,11.548022624099758,1115.3855773925782
2023-05-24,1113.9658203125,1124.8076864197674,1110.861658447196,1116.545095308795,8112254,54.18919189704545,10.34996859848161,1116.8509338378906
2023-05-25,1113.8289794921875,1117.9603357408223,1102.9187697829475,1111.0672556833676,11487863,54.10583308534447,9.282457845183444,1118.6278503417968
2023-05-26,1144.2088623046875,1145.3500415058625,1118.7591533794464,1122.0687058844728,12626260,66.44635763599359,10.76377246117272,1121.5825317382812
2023-05-29,1150.6453857421875,1154.9364899661489,1144.5283465169668,1150.8279550929285,10010304,68.38593209034406,12.315137377988776,1123.8673034667968
2023-05-30,1150.3486328125,1158.451475420254,1147.7921790871794,1150.645307987406,11342504,68.19022019596026,13.366578177365454,1125.6681823730469
2023-05-31,1127.5008544921875,1145.7379850828545,1123.438083146388,1141.241490829393,27107927,55.11244730390983,12.215416109417674,1126.8048522949218
2023-06-01,1124.4652099609375,1134.3484659204855,1122.068625138698,1132.1800927726736,14592692,53.64048721617578,10.932141807428025,1127.1529296875
2023-06-02,1120.7904052734375,1133.412563645759,1118.8731857024295,1128.003101699598,15800644,51.83563040682806,9.508997842964163,1127.4599182128907
2023-06-05,1130.8563232421875,1133.8235582589482,1122.274114564264,1126.268543700321,10908682,56.18454767916906,9.08861357380647,1127.58203125
2023-06-06,1131.8148193359375,1135.6265579862757,1123.8946668621782,1133.6865172838243,7493309,56.58652491613751,8.732139962157817,1127.5774658203125
2023-06-07,1140.3970947265625,1141.241598708449,1128.733545665894,1135.3071289198083,10312545,60.11495136984425,9.037965910549474,1127.612841796875
2023-06-08,1141.081787109375,1148.9335976883085,1137.133121023714,1143.9805586437908,12071109,60.39153233848565,9.229195707940562,1128.0545043945312
2023-06-09,1133.001708984375,1145.144501301207,1131.1984746215855,1144.4369244051345,5877018,55.50036259620914,8.62927896705969,1127.9997192382812
2023-06-12,1134.006103515625,1136.311403822295,1125.2641468372988,1130.0574375493186,6391969,55.977653694036164,8.141042007699298,1127.8833129882812
2023-06-13,1150.759521484375,1151.946463788879,1134.9647365494957,1138.959165682283,11248016,63.08920062318226,9.002199760605663,1129.4137145996094
2023-06-14,1164.9107666015625,1166.3487415549168,1149.0018781974788,1150.8278129732469,13277380,67.81827483590688,10.703181089061673,1131.982647705078
2023-06-15,1165.23046875,1169.7954267696327,1157.4471223513988,1164.888030487722,11813494,67.91827850343054,11.93938849967526,1134.6873840332032
2023-06-16,1176.574462890625,1178.856942021871,1168.72265257123,1168.72265257123,24171579,71.32344747671601,13.676799667360456,1137.7790100097657
2023-06-19,1164.8880615234375,1179.5873088461865,1160.7111839901809,1179.5873088461865,6798554,63.8095359465293,13.949909736200425,1139.9884521484375
2023-06-20,1167.3074951171875,1170.457299404325,1157.2189687814275,1162.9480481347905,6921096,64.64007989327695,14.197914780676683,1142.3291381835938
2023-06-21,1170.59423828125,1173.127750027222,1163.1533304634168,1167.2617442064677,6961603,65.78869583807197,14.492611466437438,1145.1605590820313
2023-06-22,1157.4471435546875,1174.702723824018,1155.8494202932393,1166.8053921892115,7619166,57.71290262198534,13.50957012847357,1147.3414672851563
2023-06-23,1147.9749755859375,1156.4885999942844,1146.719569774206,1154.4343325060674,6628570,52.69409926170385,11.829811292066324,1147.5297729492188
2023-06-26,1139.2100830078125,1148.2715353178476,1136.0831001245697,1144.436975506937,12641159,48.49188475628994,9.679754547428956,1146.9580078125
2023-06-27,1139.62109375,1145.578264166708,1135.1474200849475,1139.666736088607,9689466,48.698488246444526,7.917713743486729,1146.421630859375
2023-06-28,1154.708251953125,1158.519990797568,1140.2600374666351,1147.1760589375283,11354006,55.71969209412636,7.6505010757641685,1147.782000732422
2023-06-30,1164.1805419921875,1167.1021346662303,1156.511421596289,1162.423070452648,11151555,59.47018435748008,8.10958550074156,1149.7677673339845
2023-07-03,1194.058349609375,1196.934300105854,1166.5087289327182,1167.7413136446191,12154387,68.5256831444584,10.760264954151808,1153.4311645507812
2023-07-04,1181.755615234375,1198.3036177471888,1174.6798459927943,1198.3036177471888,8061643,62.34835913865038,11.732969305636743,1155.9761291503905
2023-07-05,1179.8155517578125,1190.9997357239995,1175.8440646341217,1190.9997357239995,10248062,61.40826187599097,12.206587659175511,1158.3761657714845
2023-07-06,1204.5804443359375,1207.1824197013011,1175.958111582341,1175.958111582341,19117987,68.03408820899176,14.414096744001426,1161.5853332519532
2023-07-07,1202.2294921875,1216.5406584496827,1199.6730384312104,1202.8686056265724,13375267,66.86052226388448,15.791823100681995,1164.6427185058594
2023-07-10,1248.541015625,1258.1046546175523,1221.1284462814797,1227.4736968882496,33240016,75.73871682352596,20.385641083401197,1170.4196838378907
2023-07-11,1262.0760498046875,1264.495455649915,1249.7050458386786,1256.6894093813987,20069348,77.62536103398271,24.832189054755645,1176.8231811523438
2023-07-12,1263.468505859375,1279.103541836806,1260.683840337917,1262.806571231475,18733835,77.81648424845008,28.14404291639289,1182.4586303710937
2023-07-13,1252.170166015625,1277.733978890264,1249.545369524751,1270.8408996155135,14682934,72.41163508681097,29.516778314283783,1186.821600341797
2023-07-14,1251.120361328125,1260.341562579208,1243.9989491216202,1255.3657025022662,15124144,71.91184120169505,30.17216461033172,1191.1160949707032
2023-07-17,1276.68408203125,1285.0607786645128,1245.3227267228626,1253.9962192785829,22220040,76.21666665464096,32.381072737566456,1196.1215759277343
2023-07-18,1287.52587890625,1295.286283587151,1274.995004828538,1285.9509768018002,25867313,77.77257267004649,34.60755637443049,1202.253466796875
2023-07-19,1297.294921875,1303.7543992835303,1276.8210735612868,1291.8854597114334,39122156,79.09937247619699,36.7368611543875,1208.7528381347656
2023-07-20,1295.723876953125,1301.213635792283,1276.014839753512,1276.014839753512,38717624,78.29000861655801,37.861140675920524,1215.0093200683593
2023-07-21,1255.6134033203125,1293.2755748788927,1248.1205739980844,1290.3576048302098,30249238,61.100316437059796,35.110824561958225,1219.9176330566406
2023-07-24,1230.216796875,1243.8424839995955,1221.2649818512405,1227.0515368964086,23727866,53.143895899532886,30.529955017638486,1224.0297241210938
2023-07-25,1229.425537109375,1239.0203294862108,1226.556952345633,1233.4810641733905,12026020,52.91270946432196,26.529914509957507,1228.5404968261719
2023-07-26,1249.406494140625,1259.693770122974,1229.0298463901022,1229.0298463901022,12911012,57.893927785914975,24.687566929396098,1234.029766845703
2023-07-27,1237.7838134765625,1255.06933898356,1231.6758304667376,1253.2889256301971,17226898,54.29582927711621,22.0356270121149,1238.183544921875
2023-07-28,1250.2225341796875,1257.6412248805652,1236.7204929547063,1242.4081558253793,20827852,57.35078664192788,20.69904067133598,1242.48564453125
2023-07-31,1260.8065185546875,1263.1062644351005,1245.3261593927457,1250.222567835286,8551174,59.812291625691365,20.260277583303377,1245.8230529785155
2023-08-01,1242.976806640625,1265.628565172541,1239.0696780480796,1263.650247759219,9536632,54.143200503314795,18.263317773799145,1248.8841125488282
2023-08-02,1229.697509765625,1242.383422770223,1218.4458286875906,1240.998576334311,12748214,50.31793779226205,15.431302015369283,1251.3782104492188
2023-08-03,1224.529052734375,1236.893537376658,1215.700883147937,1224.2323775511124,10168350,48.87071126039129,12.624332389999836,1252.3756408691406
2023-08-04,1241.1717529296875,1244.3617658987637,1222.4024889169664,1235.8550243989196,22885610,53.50776053713788,11.60889543539065,1254.32275390625
2023-08-07,1248.2442626953125,1250.4945023600335,1238.92139273861,1246.8346631113916,5982870,55.36054660854379,11.245218880343373,1254.3079162597655
2023-08-08,1240.7265625,1253.4867351589849,1236.2259624118224,1250.2967221809697,9844072,52.94526344238924,10.232433884252032,1253.2404418945312
2023-08-09,1248.911865234375,1250.7912910864598,1227.1009863432985,1238.8472469851745,11486586,55.23527680240928,9.97529105547801,1252.5126098632813
2023-08-10,1254.475830078125,1261.177404750792,1240.6276075945868,1248.788167272386,15470598,56.775209980582254,10.10399639305706,1252.6278930664062
2023-08-11,1259.767822265625,1265.55449762201,1242.5565564009414,1252.4975295128647,22179330,58.24643478292862,10.511841873148342,1253.0602661132812
2023-08-14,1274.65478515625,1277.1524353275731,1248.8130109688743,1255.73712271286,9575812,62.14936600886412,11.899149851695256,1252.9588012695312
2023-08-16,1273.6160888671875,1277.3996937112483,1261.672044700447,1261.672044700447,10203112,61.715893546438366,12.767610246566619,1252.2633117675782
2023-08-17,1255.2425537109375,1275.0752365265755,1252.695518025622,1269.6348629683328,13673744,54.47766748413047,11.836832990806897,1250.160693359375
2023-08-18,1264.5406494140625,1274.827925208279,1240.6771930744892,1251.9041214413387,18639978,57.21254302738336,11.714427299611316,1248.6015319824219
2023-08-21,1250.74267578125,1268.3374245054663,1248.5836072167706,1260.6443643964944,9221746,52.200722011684164,10.384334604466176,1248.3579956054687
2023-08-22,1250.44482421875,1259.6517042081298,1240.319812990251,1249.204008079304,7713044,52.094633942101915,9.20013895394527,1249.3693969726562
2023-08-23,1251.8345947265625,1262.0838090060652,1249.228880766707,1252.8272476636505,9517952,52.5789060954493,8.278370334315014,1250.4898498535156
2023-08-24,1230.7904052734375,1260.6195534341234,1226.4227081001463,1260.6195534341234,14140020,45.13806446344489,5.783107780403043,1249.5590454101562
2023-08-25,1225.1075439453125,1243.2978613921046,1212.32713678729,1218.9778633049934,22222400,43.353807900405734,3.30889196662838,1248.9252319335938
2023-08-28,1212.897705078125,1232.87484375,1206.6192242506277,1226.9189266304347,12580826,39.72084926282505,0.3586913827657554,1247.0589904785156
2023-08-29,1201.2838134765625,1217.7121468384466,1195.228533637356,1217.0173382536789,16876644,36.58078361445468,-2.8832712694766087,1244.0828552246094
2023-08-30,1200.142333984375,1212.525656094156,1198.628513903965,1207.066064519438,12168946,36.27723419988865,-5.481470899305577,1241.9411315917969
2023-08-31,1194.6578369140625,1203.5917135507275,1191.133870437995,1202.599060591098,21638600,34.78373172425451,-7.892140222879561,1240.1891479492188
2023-09-01,1197.4619140625,1203.9141576589248,1192.0023233270636,1194.4343955405525,18112842,36.22927456846948,-9.467215273976763,1238.835791015625
2023-09-04,1196.494140625,1202.921543874001,1193.8140262826475,1197.4619529612137,9347626,35.93324175951463,-10.670561240375037,1236.6019104003906
2023-09-05,1202.89697265625,1208.033879307401,1197.362859390741,1201.1101487589583,8675876,39.45792891631412,-10.980984599130124,1234.3345458984375
2023-09-06,1205.4281005859375,1209.125708635972,1199.745186611218,1201.6560920331103,8200370,40.84346308137142,-10.8971410185884,1232.5696228027343
2023-09-07,1207.06591796875,1210.1679582595823,1196.6430625915527,1201.9537313347682,13652572,41.77206045598754,-10.576615561488552,1230.4773254394531
2023-09-08,1215.1064453125,1218.9778160313297,1202.5742018862825,1211.0365924741222,23109288,46.23411854679808,-9.56355080771823,1228.508856201172
2023-09-11,1228.20947265625,1229.326207160582,1216.9924464989117,1216.9924464989117,13271074,52.6076979390203,-7.615597029533774,1226.9309387207031
2023-09-12,1210.4658203125,1232.3785847782628,1209.026400892418,1232.3785847782628,16255666,44.853619650794435,-7.418083036673806,1223.7214904785155
2023-09-13,1216.52099609375,1222.278310335504,1204.2120756300535,1211.0365644667,12803338,47.68733453623269,-6.695765082091839,1220.8667358398438
2023-09-14,1217.6376953125,1223.8417758931353,1213.5181615722684,1220.9630582690309,9209636,48.21581679266899,-5.9644600223671205,1218.9864929199218
2023-09-15,1219.89599609375,1224.9336610195687,1215.7516218263509,1224.9336610195687,25468592,49.33062300939781,-5.1433798132823085,1216.7542602539063
2023-09-18,1209.274658203125,1216.4962329024152,1207.0908701058952,1211.061482045193,7516300,44.48048708947328,-5.288755551704071,1214.680859375
2023-09-20,1182.3240966796875,1204.882232531632,1168.8488809798134,1202.623922773179,57081884,35.060869568188394,-7.4922855474744665,1211.2748229980468
2023-09-21,1173.7127685546875,1186.269851496792,1171.330377450607,1178.7504333612094,12226182,32.679503367433526,-9.820259319973047,1207.3687316894532
2023-09-22,1168.823974609375,1182.4729522811776,1166.367182863141,1179.2716708437545,19176786,31.376561242556235,-11.922247868764998,1204.27041015625
2023-09-25,1161.6273193359375,1171.6779308453931,1158.9720452955405,1166.5657437194718,14254884,29.511251513400467,-14.007331079873211,1201.0963989257812
2023-09-26,1162.644775390625,1166.4664650387544,1159.2201711598177,1160.684310036077,10087782,30.143549457273565,-15.400150992135423,1198.5837524414062
2023-09-27,1175.747802734375,1177.1872222950064,1160.6595255350553,1163.1411580463557,11722778,37.87259480199527,-15.270635625407522,1197.306951904297
2023-09-28,1158.4757080078125,1182.7460248832851,1153.959088482433,1182.7460248832851,14518346,32.731626008063884,-16.372970052735127,1195.2236206054688
2023-09-29,1163.8856201171875,1175.847137006539,1158.475709840611,1162.2973995824232,12342014,35.67684197663307,-16.618475888181592,1193.685009765625
2023-10-03,1150.5592041015625,1159.2201982891547,1149.492150617653,1156.4158809171215,8859056,31.964239630373285,-17.68451534582414,1191.3398742675781
2023-10-04,1148.5738525390625,1150.981084388904,1139.1189302205564,1146.0178196869251,10286386,31.43934247005089,-18.476574129922028,1188.9438598632812
2023-10-05,1148.5491943359375,1156.1428927957072,1146.017880733707,1151.1052273242312,10953682,31.43243853642238,-18.88854079315479,1186.2264709472656
2023-10-06,1150.4847412109375,1153.8597853939605,1147.5316229908371,1150.0132553057874,5431026,32.68206690897729,-18.84165007154911,1183.4793029785155
2023-10-09,1140.6822509765625,1147.4818990309532,1139.0691900320726,1145.5711149238573,7576878,29.72722684994511,-19.37215770070793,1180.1601196289062
2023-10-10,1145.719970703125,1150.435072150941,1143.4121010954177,1144.8018394410435,10236032,33.076021236754244,-19.165162871283655,1176.6907958984375
2023-10-11,1163.910400390625,1166.2182699823193,1148.0031129607796,1148.722762099973,9814118,43.538761223448866,-17.33349261251783,1173.4758422851562
2023-10-12,1166.0693359375,1171.0078811502246,1160.485663265934,1163.3148210249558,12554450,44.644882782650015,-15.528667863449073,1171.2560180664063
2023-10-13,1166.019775390625,1170.0896281233202,1156.0187245288932,1161.4039150831682,10150316,44.623270783048426,-13.94162005109797,1168.73095703125
2023-10-16,1163.4140625,1168.6254903286665,1159.418610263332,1163.885548402189,5929036,43.43280665526572,-12.747190798495467,1166.019775390625
2023-10-17,1168.972900390625,1171.18152891328,1162.0491704758838,1169.3451452373686,7928180,46.6996414673787,-11.22267721274875,1163.4736206054688
2023-10-18,1153.4627685546875,1174.8048077319042,1151.9737890772074,1168.9729714451066,8918320,39.7941046514585,-11.137639453417933,1160.6830261230468
2023-10-19,1144.603271484375,1152.37085365543,1142.0472385636656,1147.5068298823098,12032556,36.47614503775633,-11.650830269198877,1158.7969848632813
2023-10-20,1141.104248046875,1148.846868358942,1139.7145096810816,1141.5508934053469,8913312,35.22689550713939,-12.199254227925394,1157.1665588378905
2023-10-23,1123.2860107421875,1144.6528889030683,1119.340239652529,1136.5875839948085,7853962,29.656751647533227,-13.911306126128466,1154.8896606445312
2023-10-25,1120.680419921875,1132.2200112886635,1113.2603628260954,1116.7594889591046,11620688,28.93620876925975,-15.301977324048949,1152.8423156738281
2023-10-26,1105.07080078125,1120.7050833883056,1101.993601137725,1117.2307983645155,15222534,25.015097047800936,-17.462364805728384,1149.9636169433593
2023-10-27,1124.5765380859375,1128.3982276638756,1109.761144511754,1111.7712909465938,11771084,36.580148195407375,-17.399961539938204,1147.4050537109374
2023-10-30,1147.7550048828125,1153.9590859902871,1126.6362885582769,1128.6464350717906,16813304,47.03403173156825,-15.303785430067592,1146.8690185546875
2023-10-31,1135.5452880859375,1155.448028104718,1133.0636557231696,1155.448028104718,12808438,43.0119818072029,-14.46107459923519,1145.452001953125
2023-11-01,1140.2603759765625,1150.236586425296,1129.2419526519689,1136.1656826268284,10309190,44.96907256706253,-13.259900132530674,1144.937060546875
2023-11-02,1151.57666015625,1153.6116471680004,1145.4966608528323,1148.4746196953226,10562104,49.455494358336885,-11.264975528812101,1145.0872009277343
2023-11-03,1151.3284912109375,1158.897469898072,1149.3680258840427,1155.0509397455935,8850156,49.36045561123855,-9.593421575339107,1145.2261657714844
2023-11-06,1160.9075927734375,1161.4039192346488,1154.256866662586,1157.5822297180116,10647304,53.10640343531845,-7.4103279364319405,1145.7473083496093
2023-11-07,1153.3634033203125,1160.9572220726066,1151.2540159543112,1158.4507493206686,6960204,49.97121033748693,-6.217294438546787,1146.381365966797
2023-11-08,1159.3690185546875,1161.9003321646271,1152.3460470752768,1157.4333936812943,7884494,52.381254261756794,-4.732648808247177,1147.063818359375
2023-11-09,1146.787109375,1159.3689122452763,1143.6353879313751,1159.344192861405,14513610,47.246194310961705,-4.519216652879322,1146.2076538085937
2023-11-10,1148.9461669921875,1149.6659373563402,1140.5831381668131,1144.3055869187945,7734954,48.18489763337815,-4.128264166785357,1145.351495361328
2023-11-13,1148.79736328125,1153.7606282722284,1147.3579437297892,1152.9167762849927,3854810,48.12134310311739,-3.786786997450008,1144.4903747558594
2023-11-15,1169.5684814453125,1172.2982770196893,1154.9516911953865,1161.4039352802763,12220648,56.70552394787061,-1.8191383417499765,1144.798095703125
2023-11-16,1171.6778564453125,1178.353423134986,1164.8533675821152,1166.9131951067154,13134910,57.475066047138704,-0.08853311757729898,1144.9333435058593
2023-11-17,1169.121826171875,1177.9067803474445,1167.384683548377,1167.8064883385834,7758634,56.17214591993758,1.0644632398627891,1145.7162963867188
2023-11-20,1166.0445556640625,1170.5362129509904,1159.61703140789,1165.6474702823514,4490186,54.56829835252012,1.7101970607111525,1146.7883605957031
2023-11-21,1180.7109375,1185.227556641674,1171.4296571663483,1174.3083747965666,8214450,60.37527794313312,3.366592228508125,1148.7686950683594
2023-11-22,1185.3267822265625,1188.4288224829827,1177.3855591701267,1178.7752974396924,8534814,62.02060494755196,4.994187540684607,1151.8707336425782
2023-11-23,1188.9500732421875,1191.1835423841578,1185.3268657327444,1185.3268657327444,8531542,63.30852205470613,6.5014926948820175,1155.2842163085938
2023-11-24,1188.1558837890625,1192.474021001291,1186.7414260587238,1187.0144298509326,6749486,62.80578017410431,7.544984552253027,1159.4384704589843
2023-11-28,1188.404052734375,1191.034607263244,1178.899449291774,1188.155889499075,13792174,62.904910678192465,8.296349375719501,1162.6298461914062
2023-11-29,1191.5308837890625,1197.1145563492605,1190.2156671664848,1195.1540911072586,12531306,64.19958802855768,9.039914043758472,1164.8186401367188
2023-11-30,1179.9913330078125,1191.530923348677,1176.2440439527552,1188.5529645510346,28439984,56.37912242598916,8.598926025697892,1167.0409423828125
2023-12-01,1188.3544921875,1189.3967050711567,1180.0658643673892,1180.2643464861462,14342842,60.166311881183596,8.822575734990778,1169.4456481933594
2023-12-04,1201.2093505859375,1215.9999042684665,1190.4887710727894,1215.9999042684665,15590990,65.17168759052711,9.922716482203896,1171.9272827148438
2023-12-05,1209.919921875,1211.458582489934,1201.929016778731,1210.5403299982054,12693624,68.09705836368032,11.366431113681074,1174.8568542480468
2023-12-06,1221.5091552734375,1227.3905513904704,1208.5549856031337,1214.560584514323,16422442,71.52409519790847,13.292511838347082,1177.8869323730469
2023-12-07,1219.4989013671875,1221.4345260102064,1212.0291642243994,1220.9630401277734,8142096,70.11709916745133,14.48970569177959,1181.1937072753906
2023-12-08,1218.8536376953125,1229.2516522307412,1213.5181285411948,1222.8739302715144,10204894,69.64352042527966,15.211079207774674,1184.1679382324219
2023-12-11,1220.6405029296875,1224.7351961410227,1217.1909371644088,1218.9777608532804,7066138,70.24289484803428,15.745454212418736,1187.8606079101562
2023-12-12,1203.1201171875,1223.4198198791,1201.184371389843,1220.9630282642331,9197124,58.12455818343669,14.587051103148724,1190.5693054199219
2023-12-13,1208.03369140625,1210.2176004047435,1194.3103140708777,1202.102614795848,10031182,60.198418408372504,13.90520215347101,1193.5311218261718
2023-12-14,1223.0228271484375,1228.3831772791464,1212.3518080035872,1217.9851619285064,16972354,65.76792873189186,14.408240703345427,1196.203839111328
2023-12-15,1238.63232421875,1240.8161121066785,1225.9511593183302,1229.8969303201395,15932152,70.41135692281134,15.88336479557006,1199.5515625
2023-12-18,1251.239013671875,1258.1379030406688,1236.3243792186838,1238.6323699765337,14165188,73.53379642366173,17.863743629949113,1203.657421875
2023-12-19,1269.6527099609375,1277.4945707453207,1253.3234974409622,1268.1140495332209,16820604,77.30160430604433,20.680645912080763,1208.8378295898438
2023-12-20,1254.2913818359375,1289.8780864366483,1250.742696068458,1276.080186427869,17736722,68.5358842709421,21.426538665464932,1212.5168518066407
2023-12-21,1271.8614501953125,1277.2962009364337,1249.8741628164655,1254.2170195322976,13765454,72.392103962037,23.16835139076784,1216.8435852050782
2023-12-22,1273.102294921875,1280.9689971307214,1264.4661412408368,1270.3973397701047,16541784,72.64706792198486,24.36797744842852,1221.0511962890625
2023-12-26,1279.554443359375,1286.453332624264,1271.935783794956,1274.5663382448713,7465664,73.99206973883578,25.54485896498977,1225.6211242675781
2023-12-27,1283.9222412109375,1290.3992050276352,1277.0977519092014,1281.5150092423955,9204156,74.89213026286521,26.524235948004616,1230.3970336914062
2023-12-28,1293.2034912109375,1296.4047727896043,1283.922210219302,1285.38634910855,12302636,76.73461850331728,27.72966821734076,1235.4806640625
2023-12-29,1282.97900390625,1297.3973111899322,1280.1748079960485,1295.958012986606,10864584,70.58918169072678,27.542458977075512,1240.6300476074218
